symbol,foreign_value_1d,foreign_value_10d,foreign_value_1m,foreign_value_3m,foreign_value_6m,foreign_volume_1d,foreign_volume_10d,proprietary_value_1d,proprietary_value_10d,proprietary_value_1m,proprietary_value_3m,proprietary_value_6m,proprietary_volume_1d,proprietary_volume_10d,exchange,foreign_flow_score,proprietary_flow_score,money_flow_score,refresh_timestamp,source
PVT,52902215000,23327407350,,,,1994600,777016,32529450000,25744990000,,,,1300000,1005900,HOSE,98.97,99.41,99.19,2026-10-08T14:04:58+07:00,VNSTOCK_SILVER
VIB,9768000000,104227812900,,,,700900,7710051,551532400,2896742550,,,,36399,206092,HOSE,99.29,98.42,98.86,2026-10-08T14:04:58+07:00,VNSTOCK_SILVER
PLX,76795545000,168128650000,,,,2091600,4615500,0,8129550000,,,,0,228300,HOSE,99.76,79.36,89.56,2026-10-08T14:04:58+07:00,VNSTOCK_SILVER
DGW,14526350000,168671646850,,,,301100,3672324,0,123675000,,,,0,2700,HOSE,99.57,78.5,89.04,2026-10-08T14:04:58+07:00,VNSTOCK_SILVER
VGC,4350044300,3632313050,,,,96126,88831,0,144334030000,,,,0,3349200,HOSE,97.0,80.26,88.63,2026-10-08T14:04:58+07:00,VNSTOCK_SILVER
SBT,310035000,413559964500,,,,3700,19568126,0,67880000,,,,0,3000,HOSE,98.36,78.33,88.34,2026-10-08T14:04:58+07:00,VNSTOCK_SILVER
VCG,1020960000,12720858500,,,,78900,932479,0,1414990000,,,,0,101500,HOSE,97.47,79.01,88.24,2026-10-08T14:04:58+07:00,VNSTOCK_SILVER
HVN,894215000,9230217100,,,,44300,426049,0,1600000000,,,,0,80000,HOSE,97.22,79.06,88.14,2026-10-08T14:04:58+07:00,VNSTOCK_SILVER
IJC,296155000,2810717000,,,,48900,452000,0,738500000,,,,0,110000,HOSE,95.85,78.8,87.32,2026-10-08T14:04:58+07:00,VNSTOCK_SILVER
HDG,273490000,3062830000,,,,14145,207845,0,21030000,,,,0,400,HOSE,95.92,77.9,86.91,2026-10-08T14:04:58+07:00,VNSTOCK_SILVER
EVF,14755000,2837445100,,,,5700,259358,0,45840000,,,,0,4000,HOSE,94.92,78.2,86.56,2026-10-08T14:04:58+07:00,VNSTOCK_SILVER
HGM,0,42480000,,,,0,200,10520000,10520000,,,,100,100,HNX,74.05,96.95,85.5,2026-10-08T14:04:58+07:00,VNSTOCK_SILVER
OIL,5210000,250340000,,,,500,13400,0,13500000,,,,0,1000,UPCOM,93.08,77.82,85.45,2026-10-08T14:04:58+07:00,VNSTOCK_SILVER
BSR,-21604130000,119800910750,,,,-718500,3874749,480715000,27738880000,,,,16700,890300,HOSE,59.99,99.21,79.6,2026-10-08T14:04:58+07:00,VNSTOCK_SILVER
MSN,5341532000,101400770900,,,,125950,1546887,-4015610000,7869260000,,,,-58300,113700,HOSE,98.96,59.46,79.21,2026-10-08T14:04:58+07:00,VNSTOCK_SILVER
GAS,16990592500,29771249700,,,,213025,367180,-17317240000,13980340000,,,,-220100,166700,HOSE,99.0,59.39,79.19,2026-10-08T14:04:58+07:00,VNSTOCK_SILVER
SSB,-4747770000,14544554250,,,,-276900,757304,740405000,5561550400,,,,34100,284123,HOSE,59.5,98.56,79.03,2026-10-08T14:04:58+07:00,VNSTOCK_SILVER
ABB,0,1841580000,,,,0,102600,0,190240000000,,,,0,11600000,UPCOM,77.17,80.3,78.74,2026-10-08T14:04:58+07:00,VNSTOCK_SILVER
VGI,0,0,,,,0,0,779500000,9061190000,,,,10000,112200,UPCOM,51.48,98.8,75.14,2026-10-08T14:04:58+07:00,VNSTOCK_SILVER
BFC,3668400000,15317990000,,,,57500,281810,0,0,,,,0,0,HOSE,97.94,50.77,74.36,2026-10-08T14:04:58+07:00,VNSTOCK_SILVER
BCM,4203885000,10549515000,,,,116800,282100,0,0,,,,0,0,HOSE,97.74,50.77,74.26,2026-10-08T14:04:58+07:00,VNSTOCK_SILVER
TNG,7486030000,5980419900,,,,398700,293315,0,0,,,,0,0,HNX,97.66,50.77,74.22,2026-10-08T14:04:58+07:00,VNSTOCK_SILVER
DPR,889760000,7057155500,,,,22600,185710,0,0,,,,0,0,HOSE,97.06,50.77,73.92,2026-10-08T14:04:58+07:00,VNSTOCK_SILVER
ACV,1663140000,4090561000,,,,40000,100418,0,0,,,,0,0,UPCOM,96.99,50.77,73.88,2026-10-08T14:04:58+07:00,VNSTOCK_SILVER
MST,555300000,6071000000,,,,98900,701400,0,0,,,,0,0,HNX,96.82,50.77,73.8,2026-10-08T14:04:58+07:00,VNSTOCK_SILVER
MBS,126820000,15472472600,,,,6500,1035396,0,0,,,,0,0,HNX,96.7,50.77,73.74,2026-10-08T14:04:58+07:00,VNSTOCK_SILVER
SHS,12100000,41490117600,,,,31500,3371668,0,0,,,,0,0,HNX,96.62,50.77,73.7,2026-10-08T14:04:58+07:00,VNSTOCK_SILVER
SBG,492990000,4359430000,,,,37800,313500,0,0,,,,0,0,HOSE,96.45,50.77,73.61,2026-10-08T14:04:58+07:00,VNSTOCK_SILVER
MZG,544800000,4151890000,,,,52800,355100,0,0,,,,0,0,HOSE,96.46,50.77,73.61,2026-10-08T14:04:58+07:00,VNSTOCK_SILVER
NTP,1239270000,1851700000,,,,23600,35800,0,0,,,,0,0,HNX,96.32,50.77,73.54,2026-10-08T14:04:58+07:00,VNSTOCK_SILVER
SCR,554132990,2908261990,,,,138380,751380,0,0,,,,0,0,HOSE,96.19,50.77,73.48,2026-10-08T14:04:58+07:00,VNSTOCK_SILVER
HDC,539483000,1525973500,,,,63800,186670,0,0,,,,0,0,HOSE,95.62,50.77,73.2,2026-10-08T14:04:58+07:00,VNSTOCK_SILVER
MIG,78435000,3469936400,,,,3200,219301,0,0,,,,0,0,HOSE,95.33,50.77,73.05,2026-10-08T14:04:58+07:00,VNSTOCK_SILVER
CDC,264440000,1006535000,,,,12100,48100,0,0,,,,0,0,HOSE,95.13,50.77,72.95,2026-10-08T14:04:58+07:00,VNSTOCK_SILVER
HQC,186420000,1134331000,,,,92500,626200,0,0,,,,0,0,HOSE,95.07,50.77,72.92,2026-10-08T14:04:58+07:00,VNSTOCK_SILVER
MML,2520000,5754600000,,,,300,216900,0,0,,,,0,0,UPCOM,95.03,50.77,72.9,2026-10-08T14:04:58+07:00,VNSTOCK_SILVER
SKG,196975000,924699000,,,,27900,128200,0,0,,,,0,0,HOSE,94.89,50.77,72.83,2026-10-08T14:04:58+07:00,VNSTOCK_SILVER
GHC,450260000,486015000,,,,23300,24800,0,0,,,,0,0,HOSE,94.88,50.77,72.82,2026-10-08T14:04:58+07:00,VNSTOCK_SILVER
TCM,139915000,778906500,,,,10600,52303,0,0,,,,0,0,HOSE,94.55,50.77,72.66,2026-10-08T14:04:58+07:00,VNSTOCK_SILVER
HTN,11852000,783206100,,,,1700,111426,0,0,,,,0,0,HOSE,93.93,50.77,72.35,2026-10-08T14:04:58+07:00,VNSTOCK_SILVER
BIC,2080000,855376850,,,,600,42025,0,0,,,,0,0,HOSE,93.68,50.77,72.23,2026-10-08T14:04:58+07:00,VNSTOCK_SILVER
HHS,37103000,280749000,,,,3000,36000,0,0,,,,0,0,HOSE,93.62,50.77,72.2,2026-10-08T14:04:58+07:00,VNSTOCK_SILVER
HAX,10212000,498531000,,,,1300,58100,0,0,,,,0,0,HOSE,93.62,50.77,72.2,2026-10-08T14:04:58+07:00,VNSTOCK_SILVER
EVE,851000,364418000,,,,600,43600,0,0,,,,0,0,HOSE,93.13,50.77,71.95,2026-10-08T14:04:58+07:00,VNSTOCK_SILVER
DSN,51100000,138625000,,,,1500,3900,0,0,,,,0,0,HOSE,93.03,50.77,71.9,2026-10-08T14:04:58+07:00,VNSTOCK_SILVER
TYA,101100000,124690000,,,,7000,8400,0,0,,,,0,0,HOSE,93.02,50.77,71.9,2026-10-08T14:04:58+07:00,VNSTOCK_SILVER
TCO,10450000,173075000,,,,4100,19200,0,0,,,,0,0,HOSE,92.95,50.77,71.86,2026-10-08T14:04:58+07:00,VNSTOCK_SILVER
APH,8226000,152759000,,,,-1900,20600,0,0,,,,0,0,HOSE,92.75,50.77,71.76,2026-10-08T14:04:58+07:00,VNSTOCK_SILVER
GIL,47853000,93804000,,,,7000,12200,0,0,,,,0,0,HOSE,92.53,50.77,71.65,2026-10-08T14:04:58+07:00,VNSTOCK_SILVER
LAS,178580000,58860000,,,,18600,8300,0,0,,,,0,0,HNX,92.48,50.77,71.62,2026-10-08T14:04:58+07:00,VNSTOCK_SILVER
EVG,61580000,80544000,,,,17800,32700,0,0,,,,0,0,HOSE,92.42,50.77,71.6,2026-10-08T14:04:58+07:00,VNSTOCK_SILVER
JVC,13549000,62893000,,,,9900,29300,0,0,,,,0,0,HOSE,91.89,50.77,71.33,2026-10-08T14:04:58+07:00,VNSTOCK_SILVER
VTK,16590000,23450400,,,,600,800,0,0,,,,0,0,UPCOM,91.31,50.77,71.04,2026-10-08T14:04:58+07:00,VNSTOCK_SILVER
AGR,1155000,47350000,,,,200,5600,0,0,,,,0,0,HOSE,91.06,50.77,70.92,2026-10-08T14:04:58+07:00,VNSTOCK_SILVER
TEG,1830000,16692000,,,,400,2900,0,0,,,,0,0,HOSE,90.69,50.77,70.73,2026-10-08T14:04:58+07:00,VNSTOCK_SILVER
TLH,10530000,1754000,,,,5600,3000,0,0,,,,0,0,HOSE,89.94,50.77,70.36,2026-10-08T14:04:58+07:00,VNSTOCK_SILVER
STB,44392010000,-69126349900,,,,655500,-911876,2077210000,89536960000,,,,32900,1240300,HOSE,40.83,99.7,70.26,2026-10-08T14:04:58+07:00,VNSTOCK_SILVER
DCM,5691665000,174231116550,,,,152800,5129177,502740000,-4816690000,,,,14700,-142300,HOSE,99.24,40.74,69.99,2026-10-08T14:04:58+07:00,VNSTOCK_SILVER
HAG,-2131585000,6159234750,,,,-173900,434253,0,866040000,,,,0,59900,HOSE,59.37,78.89,69.13,2026-10-08T14:04:58+07:00,VNSTOCK_SILVER
FTS,-199745000,2503678900,,,,-12600,142648,0,68080000,,,,0,3600,HOSE,59.37,78.37,68.87,2026-10-08T14:04:58+07:00,VNSTOCK_SILVER
FOX,0,0,,,,0,0,0,171770000,,,,0,2900,UPCOM,51.48,78.54,65.01,2026-10-08T14:04:58+07:00,VNSTOCK_SILVER
PPE,0,31213156500,,,,0,1522593,0,0,,,,0,0,HNX,79.14,50.77,64.96,2026-10-08T14:04:58+07:00,VNSTOCK_SILVER
HNG,0,12912084000,,,,0,2149640,0,0,,,,0,0,UPCOM,78.59,50.77,64.68,2026-10-08T14:04:58+07:00,VNSTOCK_SILVER
NAF,0,4829998500,,,,0,97590,0,0,,,,0,0,HOSE,77.94,50.77,64.36,2026-10-08T14:04:58+07:00,VNSTOCK_SILVER
FOC,0,4485880000,,,,0,73400,0,0,,,,0,0,UPCOM,77.9,50.77,64.34,2026-10-08T14:04:58+07:00,VNSTOCK_SILVER
SGP,0,2423220000,,,,0,123600,0,0,,,,0,0,UPCOM,77.34,50.77,64.06,2026-10-08T14:04:58+07:00,VNSTOCK_SILVER
DBD,0,1719235000,,,,4400,41500,0,0,,,,0,0,HOSE,77.09,50.77,63.93,2026-10-08T14:04:58+07:00,VNSTOCK_SILVER
VDP,0,-1605000,,,,0,-50,7500000,301540000,,,,200,7900,HOSE,30.06,97.73,63.9,2026-10-08T14:04:58+07:00,VNSTOCK_SILVER
GDT,0,967896000,,,,0,61610,0,0,,,,0,0,HOSE,76.75,50.77,63.76,2026-10-08T14:04:58+07:00,VNSTOCK_SILVER
SAS,0,402060000,,,,0,12800,0,0,,,,0,0,UPCOM,76.27,50.77,63.52,2026-10-08T14:04:58+07:00,VNSTOCK_SILVER
PHS,0,300140000,,,,0,30014,0,0,,,,0,0,UPCOM,76.19,50.77,63.48,2026-10-08T14:04:58+07:00,VNSTOCK_SILVER
GMX,0,295720000,,,,0,17400,0,0,,,,0,0,HNX,76.15,50.77,63.46,2026-10-08T14:04:58+07:00,VNSTOCK_SILVER
PAT,0,290980000,,,,0,3700,0,0,,,,0,0,UPCOM,76.1,50.77,63.44,2026-10-08T14:04:58+07:00,VNSTOCK_SILVER
IVS,0,277320000,,,,0,45000,0,0,,,,0,0,HNX,76.02,50.77,63.4,2026-10-08T14:04:58+07:00,VNSTOCK_SILVER
ITD,0,242020000,,,,0,22000,0,0,,,,0,0,HOSE,75.93,50.77,63.35,2026-10-08T14:04:58+07:00,VNSTOCK_SILVER
AST,0,212640000,,,,0,2500,0,0,,,,0,0,HOSE,75.89,50.77,63.33,2026-10-08T14:04:58+07:00,VNSTOCK_SILVER
CSI,0,204010000,,,,0,14100,0,0,,,,0,0,UPCOM,75.85,50.77,63.31,2026-10-08T14:04:58+07:00,VNSTOCK_SILVER
SMB,0,201172800,,,,0,4970,0,0,,,,0,0,HOSE,75.76,50.77,63.26,2026-10-08T14:04:58+07:00,VNSTOCK_SILVER
AIG,0,187960000,,,,0,4000,0,0,,,,0,0,UPCOM,75.72,50.77,63.24,2026-10-08T14:04:58+07:00,VNSTOCK_SILVER
QCG,0,152796000,,,,500,15100,0,0,,,,0,0,HOSE,75.63,50.77,63.2,2026-10-08T14:04:58+07:00,VNSTOCK_SILVER
SCL,0,144300000,,,,0,5000,0,0,,,,0,0,UPCOM,75.55,50.77,63.16,2026-10-08T14:04:58+07:00,VNSTOCK_SILVER
GDA,0,143360000,,,,0,11200,0,0,,,,0,0,UPCOM,75.5,50.77,63.14,2026-10-08T14:04:58+07:00,VNSTOCK_SILVER
IDJ,0,138910000,,,,0,48700,0,0,,,,0,0,HNX,75.46,50.77,63.11,2026-10-08T14:04:58+07:00,VNSTOCK_SILVER
SCG,0,137880000,,,,0,2100,0,0,,,,0,0,HNX,75.37,50.77,63.07,2026-10-08T14:04:58+07:00,VNSTOCK_SILVER
DTD,0,127783000,,,,0,13615,0,0,,,,0,0,HNX,75.33,50.77,63.05,2026-10-08T14:04:58+07:00,VNSTOCK_SILVER
THG,0,126475000,,,,0,4500,0,0,,,,0,0,HOSE,75.29,50.77,63.03,2026-10-08T14:04:58+07:00,VNSTOCK_SILVER
AGG,0,125223000,,,,0,14800,0,0,,,,0,0,HOSE,75.25,50.77,63.01,2026-10-08T14:04:58+07:00,VNSTOCK_SILVER
PVB,0,124310000,,,,0,5300,0,0,,,,0,0,HNX,75.16,50.77,62.96,2026-10-08T14:04:58+07:00,VNSTOCK_SILVER
PVI,0,122077400,,,,0,627,0,0,,,,0,0,HNX,75.12,50.77,62.95,2026-10-08T14:04:58+07:00,VNSTOCK_SILVER
LIX,0,103525000,,,,100,4400,0,0,,,,0,0,HOSE,75.07,50.77,62.92,2026-10-08T14:04:58+07:00,VNSTOCK_SILVER
VGS,0,103240000,,,,5200,21100,0,0,,,,0,0,HNX,75.03,50.77,62.9,2026-10-08T14:04:58+07:00,VNSTOCK_SILVER
HPX,0,97768000,,,,0,25400,0,0,,,,0,0,HOSE,74.99,50.77,62.88,2026-10-08T14:04:58+07:00,VNSTOCK_SILVER
DVP,0,82590000,,,,-400,600,0,0,,,,0,0,HOSE,74.86,50.77,62.82,2026-10-08T14:04:58+07:00,VNSTOCK_SILVER
ABT,0,80520000,,,,100,1700,0,0,,,,0,0,HOSE,74.73,50.77,62.75,2026-10-08T14:04:58+07:00,VNSTOCK_SILVER
BNA,0,77940000,,,,0,43300,0,0,,,,0,0,HNX,74.69,50.77,62.73,2026-10-08T14:04:58+07:00,VNSTOCK_SILVER
CMF,0,77800000,,,,0,200,0,0,,,,0,0,UPCOM,74.65,50.77,62.71,2026-10-08T14:04:58+07:00,VNSTOCK_SILVER
CDN,0,64000000,,,,0,4000,0,0,,,,0,0,HNX,74.52,50.77,62.64,2026-10-08T14:04:58+07:00,VNSTOCK_SILVER
VEF,0,-15940000,,,,0,-200,39450000,39450000,,,,500,500,UPCOM,27.92,97.32,62.62,2026-10-08T14:04:58+07:00,VNSTOCK_SILVER
TCI,0,61072000,,,,0,6100,0,0,,,,0,0,HOSE,74.43,50.77,62.6,2026-10-08T14:04:58+07:00,VNSTOCK_SILVER
ALC,0,61009800,,,,0,2644,0,0,,,,0,0,UPCOM,74.39,50.77,62.58,2026-10-08T14:04:58+07:00,VNSTOCK_SILVER
HHG,0,57260000,,,,0,68300,0,0,,,,0,0,UPCOM,74.3,50.77,62.54,2026-10-08T14:04:58+07:00,VNSTOCK_SILVER
NNT,0,55960000,,,,0,1000,0,0,,,,0,0,UPCOM,74.26,50.77,62.52,2026-10-08T14:04:58+07:00,VNSTOCK_SILVER
HAS,0,53054000,,,,-2500,1900,0,0,,,,0,0,HOSE,74.22,50.77,62.5,2026-10-08T14:04:58+07:00,VNSTOCK_SILVER
PCG,0,48480000,,,,0,18400,0,0,,,,0,0,UPCOM,74.18,50.77,62.48,2026-10-08T14:04:58+07:00,VNSTOCK_SILVER
TTN,0,44860000,,,,0,3900,0,0,,,,0,0,UPCOM,74.09,50.77,62.43,2026-10-08T14:04:58+07:00,VNSTOCK_SILVER
TCL,0,40480000,,,,100,1500,0,0,,,,0,0,HOSE,74.0,50.77,62.39,2026-10-08T14:04:58+07:00,VNSTOCK_SILVER
CTP,0,35420000,,,,0,4600,0,0,,,,0,0,HNX,73.96,50.77,62.36,2026-10-08T14:04:58+07:00,VNSTOCK_SILVER
API,0,31150000,,,,0,7400,0,0,,,,0,0,HNX,73.92,50.77,62.34,2026-10-08T14:04:58+07:00,VNSTOCK_SILVER
VCF,0,28760000,,,,0,100,0,0,,,,0,0,HOSE,73.88,50.77,62.32,2026-10-08T14:04:58+07:00,VNSTOCK_SILVER
PTD,0,22973100,,,,0,3722,0,0,,,,0,0,HNX,73.79,50.77,62.28,2026-10-08T14:04:58+07:00,VNSTOCK_SILVER
VPD,0,20420000,,,,0,1000,0,0,,,,0,0,HOSE,73.75,50.77,62.26,2026-10-08T14:04:58+07:00,VNSTOCK_SILVER
TDH,0,16087000,,,,200,5500,0,0,,,,0,0,HOSE,73.66,50.77,62.22,2026-10-08T14:04:58+07:00,VNSTOCK_SILVER
DTK,0,13900000,,,,0,1300,0,0,,,,0,0,HNX,73.62,50.77,62.2,2026-10-08T14:04:58+07:00,VNSTOCK_SILVER
IPA,0,13330000,,,,0,2100,0,0,,,,0,0,HNX,73.58,50.77,62.18,2026-10-08T14:04:58+07:00,VNSTOCK_SILVER
PJS,0,10820000,,,,0,400,0,0,,,,0,0,UPCOM,73.49,50.77,62.13,2026-10-08T14:04:58+07:00,VNSTOCK_SILVER
CMT,0,8500000,,,,0,1000,0,0,,,,0,0,UPCOM,73.45,50.77,62.11,2026-10-08T14:04:58+07:00,VNSTOCK_SILVER
PBP,0,8328000,,,,0,845,0,0,,,,0,0,HNX,73.4,50.77,62.09,2026-10-08T14:04:58+07:00,VNSTOCK_SILVER
HTL,0,7950000,,,,100,600,0,0,,,,0,0,HOSE,73.36,50.77,62.06,2026-10-08T14:04:58+07:00,VNSTOCK_SILVER
SMC,0,7104000,,,,0,800,0,0,,,,0,0,HOSE,73.32,50.77,62.04,2026-10-08T14:04:58+07:00,VNSTOCK_SILVER
BIG,0,6620000,,,,0,1400,0,0,,,,0,0,UPCOM,73.28,50.77,62.03,2026-10-08T14:04:58+07:00,VNSTOCK_SILVER
VID,0,6610000,,,,0,1500,0,0,,,,0,0,HOSE,73.23,50.77,62.0,2026-10-08T14:04:58+07:00,VNSTOCK_SILVER
VIT,0,5656500,,,,0,339,0,0,,,,0,0,HNX,73.19,50.77,61.98,2026-10-08T14:04:58+07:00,VNSTOCK_SILVER
PGD,0,4242500,,,,0,90,0,0,,,,0,0,HOSE,73.15,50.77,61.96,2026-10-08T14:04:58+07:00,VNSTOCK_SILVER
BMK,0,4082400,,,,0,398,0,0,,,,0,0,UPCOM,73.1,50.77,61.94,2026-10-08T14:04:58+07:00,VNSTOCK_SILVER
HAR,0,3600000,,,,0,1600,0,0,,,,0,0,HOSE,73.04,50.77,61.9,2026-10-08T14:04:58+07:00,VNSTOCK_SILVER
BTH,0,3600000,,,,0,200,0,0,,,,0,0,UPCOM,73.04,50.77,61.9,2026-10-08T14:04:58+07:00,VNSTOCK_SILVER
PRE,0,2950000,,,,0,100,0,0,,,,0,0,HNX,72.98,50.77,61.88,2026-10-08T14:04:58+07:00,VNSTOCK_SILVER
MPC,0,2760000,,,,0,200,0,0,,,,0,0,UPCOM,72.93,50.77,61.85,2026-10-08T14:04:58+07:00,VNSTOCK_SILVER
VNS,0,2606000,,,,800,1100,0,0,,,,0,0,HOSE,72.89,50.77,61.83,2026-10-08T14:04:58+07:00,VNSTOCK_SILVER
BVL,0,2220000,,,,0,200,0,0,,,,0,0,UPCOM,72.81,50.77,61.79,2026-10-08T14:04:58+07:00,VNSTOCK_SILVER
THT,0,2100000,,,,0,300,0,0,,,,0,0,HNX,72.76,50.77,61.76,2026-10-08T14:04:58+07:00,VNSTOCK_SILVER
TSB,0,1860000,,,,0,100,0,0,,,,0,0,HNX,72.72,50.77,61.74,2026-10-08T14:04:58+07:00,VNSTOCK_SILVER
SBS,0,1640000,,,,0,400,0,0,,,,0,0,UPCOM,72.59,50.77,61.68,2026-10-08T14:04:58+07:00,VNSTOCK_SILVER
CCR,0,1410000,,,,0,100,0,0,,,,0,0,HNX,72.51,50.77,61.64,2026-10-08T14:04:58+07:00,VNSTOCK_SILVER
NHT,0,1160000,,,,0,0,0,0,,,,0,0,HOSE,72.46,50.77,61.61,2026-10-08T14:04:58+07:00,VNSTOCK_SILVER
GLT,0,1070600,,,,0,2,0,0,,,,0,0,HNX,72.42,50.77,61.6,2026-10-08T14:04:58+07:00,VNSTOCK_SILVER
HUB,0,1060000,,,,0,100,0,0,,,,0,0,HOSE,72.36,50.77,61.56,2026-10-08T14:04:58+07:00,VNSTOCK_SILVER
TNT,0,1060000,,,,200,200,0,0,,,,0,0,HOSE,72.36,50.77,61.56,2026-10-08T14:04:58+07:00,VNSTOCK_SILVER
MIC,0,860000,,,,-600,-500,0,0,,,,0,0,HNX,72.29,50.77,61.53,2026-10-08T14:04:58+07:00,VNSTOCK_SILVER
PGT,0,470000,,,,0,-500,0,0,,,,0,0,HNX,72.25,50.77,61.51,2026-10-08T14:04:58+07:00,VNSTOCK_SILVER
STK,0,194250,,,,100,23,0,0,,,,0,0,HOSE,72.21,50.77,61.49,2026-10-08T14:04:58+07:00,VNSTOCK_SILVER
PDR,159500000,-343111650,,,,16000,40758,0,50375000,,,,0,4500,HOSE,42.78,78.29,60.54,2026-10-08T14:04:58+07:00,VNSTOCK_SILVER
DHC,625975000,-1250908400,,,,17500,-30040,0,610450000,,,,0,15500,HOSE,42.16,78.72,60.44,2026-10-08T14:04:58+07:00,VNSTOCK_SILVER
KDH,-10048415000,46030980150,,,,-746500,2888695,-29960000,22977685000,,,,-2200,1547700,HOSE,60.01,60.56,60.28,2026-10-08T14:04:58+07:00,VNSTOCK_SILVER
CII,-2514080000,22745375900,,,,-225800,1934520,-3633555000,65174120000,,,,-300000,4884400,HOSE,60.1,60.29,60.2,2026-10-08T14:04:58+07:00,VNSTOCK_SILVER
POW,5945160000,50601664400,,,,465500,3967808,0,-4649320000,,,,0,-351700,HOSE,98.89,21.5,60.2,2026-10-08T14:04:58+07:00,VNSTOCK_SILVER
HCM,15874320000,17457647500,,,,677200,783325,0,-2192355000,,,,0,-91800,HOSE,98.62,21.76,60.19,2026-10-08T14:04:58+07:00,VNSTOCK_SILVER
DPG,874790000,-1296830000,,,,34000,-46700,0,25816700,,,,0,973,HOSE,42.17,78.03,60.1,2026-10-08T14:04:58+07:00,VNSTOCK_SILVER
PVP,3522865000,7502989000,,,,122700,234820,0,-544000000,,,,0,-25000,HOSE,97.53,22.57,60.05,2026-10-08T14:04:58+07:00,VNSTOCK_SILVER
DPM,6359765000,-19092518350,,,,291100,-846202,0,942600000,,,,0,43800,HOSE,40.91,78.93,59.92,2026-10-08T14:04:58+07:00,VNSTOCK_SILVER
DXG,3787566000,-28886008000,,,,389700,-2812180,0,3378081000,,,,0,340800,HOSE,40.54,79.14,59.84,2026-10-08T14:04:58+07:00,VNSTOCK_SILVER
DIG,265639000,5788125060,,,,25500,682710,0,-44220000,,,,0,-4400,HOSE,96.36,23.3,59.83,2026-10-08T14:04:58+07:00,VNSTOCK_SILVER
DSE,1641960000,-15202995600,,,,75800,-731425,0,332125000,,,,0,15300,HOSE,40.69,78.63,59.66,2026-10-08T14:04:58+07:00,VNSTOCK_SILVER
VPX,113190000,-26064323100,,,,3000,-1066788,0,35951655000,,,,0,1406100,HOSE,39.23,80.0,59.61,2026-10-08T14:04:58+07:00,VNSTOCK_SILVER
QNS,10440000,42063330000,,,,3600,801600,0,-521060000,,,,0,-10000,UPCOM,96.56,22.61,59.58,2026-10-08T14:04:58+07:00,VNSTOCK_SILVER
DMX,347380000,44734426900,,,,4700,579949,0,-21383940000,,,,0,-276200,HOSE,97.86,21.07,59.46,2026-10-08T14:04:58+07:00,VNSTOCK_SILVER
DBC,1071995000,4059835600,,,,51900,248684,0,-1514860000,,,,0,-98500,HOSE,96.72,22.14,59.43,2026-10-08T14:04:58+07:00,VNSTOCK_SILVER
KDC,140880000,-2617685800,,,,5900,-47389,0,25360000,,,,0,500,HOSE,40.87,77.99,59.43,2026-10-08T14:04:58+07:00,VNSTOCK_SILVER
NTL,107025000,-14272180000,,,,14500,-1217600,0,20550000,,,,0,1800,HOSE,39.5,77.86,58.68,2026-10-08T14:04:58+07:00,VNSTOCK_SILVER
REE,35839850,1633426650,,,,880,35559,0,-749685000,,,,0,-15500,HOSE,94.58,22.48,58.53,2026-10-08T14:04:58+07:00,VNSTOCK_SILVER
PAC,160335000,90325000,,,,11800,6900,0,-1263500000,,,,0,-90000,HOSE,93.0,22.18,57.59,2026-10-08T14:04:58+07:00,VNSTOCK_SILVER
LBM,-21096700,2125508300,,,,-30754,44446,0,0,,,,0,0,HOSE,59.73,50.77,55.25,2026-10-08T14:04:58+07:00,VNSTOCK_SILVER
VOS,-577925000,2160090000,,,,-50000,189000,0,0,,,,0,0,HOSE,58.92,50.77,54.84,2026-10-08T14:04:58+07:00,VNSTOCK_SILVER
LCG,-373036000,1078941000,,,,-58800,165000,0,0,,,,0,0,HOSE,58.66,50.77,54.72,2026-10-08T14:04:58+07:00,VNSTOCK_SILVER
VDS,-59041000,720347000,,,,-6600,74600,0,0,,,,0,0,HOSE,58.67,50.77,54.72,2026-10-08T14:04:58+07:00,VNSTOCK_SILVER
HII,-1070080000,793712150,,,,-121000,84778,0,0,,,,0,0,HOSE,58.0,50.77,54.39,2026-10-08T14:04:58+07:00,VNSTOCK_SILVER
BVS,-755330000,497150000,,,,-31000,19900,0,0,,,,0,0,HNX,57.86,50.77,54.32,2026-10-08T14:04:58+07:00,VNSTOCK_SILVER
PET,0,-1637000,,,,0,-30,0,72075000,,,,0,1500,HOSE,30.02,78.42,54.22,2026-10-08T14:04:58+07:00,VNSTOCK_SILVER
ASM,-1530000,77190680,,,,-300,16233,0,0,,,,0,0,HOSE,57.62,50.77,54.2,2026-10-08T14:04:58+07:00,VNSTOCK_SILVER
HSL,-53550000,68523000,,,,-6600,6600,0,0,,,,0,0,HOSE,56.8,50.77,53.78,2026-10-08T14:04:58+07:00,VNSTOCK_SILVER
PPC,-206505000,80897000,,,,-25900,7900,0,0,,,,0,0,HOSE,56.77,50.77,53.77,2026-10-08T14:04:58+07:00,VNSTOCK_SILVER
PLP,-6650000,12011000,,,,-2100,3400,0,0,,,,0,0,HOSE,56.2,50.77,53.48,2026-10-08T14:04:58+07:00,VNSTOCK_SILVER
KSB,-3930000,2465000,,,,29400,32900,0,0,,,,0,0,HOSE,55.63,50.77,53.2,2026-10-08T14:04:58+07:00,VNSTOCK_SILVER
CRC,-4524000,1615000,,,,-1000,1400,0,0,,,,0,0,HOSE,55.27,50.77,53.02,2026-10-08T14:04:58+07:00,VNSTOCK_SILVER
CLW,0,0,,,,0,0,0,0,,,,0,0,HOSE,51.48,50.77,51.12,2026-10-08T14:04:58+07:00,VNSTOCK_SILVER
CIG,0,0,,,,0,0,0,0,,,,0,0,HOSE,51.48,50.77,51.12,2026-10-08T14:04:58+07:00,VNSTOCK_SILVER
CHP,0,0,,,,0,0,0,0,,,,0,0,HOSE,51.48,50.77,51.12,2026-10-08T14:04:58+07:00,VNSTOCK_SILVER
PMJ,0,0,,,,0,0,0,0,,,,0,0,UPCOM,51.48,50.77,51.12,2026-10-08T14:04:58+07:00,VNSTOCK_SILVER
PLO,0,0,,,,0,0,0,0,,,,0,0,UPCOM,51.48,50.77,51.12,2026-10-08T14:04:58+07:00,VNSTOCK_SILVER
PLE,0,0,,,,0,0,0,0,,,,0,0,UPCOM,51.48,50.77,51.12,2026-10-08T14:04:58+07:00,VNSTOCK_SILVER
PLA,0,0,,,,0,0,0,0,,,,0,0,UPCOM,51.48,50.77,51.12,2026-10-08T14:04:58+07:00,VNSTOCK_SILVER
PIV,0,0,,,,0,0,0,0,,,,0,0,UPCOM,51.48,50.77,51.12,2026-10-08T14:04:58+07:00,VNSTOCK_SILVER
PIS,0,0,,,,0,0,0,0,,,,0,0,UPCOM,51.48,50.77,51.12,2026-10-08T14:04:58+07:00,VNSTOCK_SILVER
PID,0,0,,,,0,0,0,0,,,,0,0,UPCOM,51.48,50.77,51.12,2026-10-08T14:04:58+07:00,VNSTOCK_SILVER
PGB,0,0,,,,0,0,0,0,,,,0,0,UPCOM,51.48,50.77,51.12,2026-10-08T14:04:58+07:00,VNSTOCK_SILVER
PEQ,0,0,,,,0,0,0,0,,,,0,0,UPCOM,51.48,50.77,51.12,2026-10-08T14:04:58+07:00,VNSTOCK_SILVER
PEG,0,0,,,,0,0,0,0,,,,0,0,UPCOM,51.48,50.77,51.12,2026-10-08T14:04:58+07:00,VNSTOCK_SILVER
PDC,0,0,,,,0,0,0,0,,,,0,0,UPCOM,51.48,50.77,51.12,2026-10-08T14:04:58+07:00,VNSTOCK_SILVER
VTI,0,0,,,,0,0,0,0,,,,0,0,UPCOM,51.48,50.77,51.12,2026-10-08T14:04:58+07:00,VNSTOCK_SILVER
VDT,0,0,,,,0,0,0,0,,,,0,0,UPCOM,51.48,50.77,51.12,2026-10-08T14:04:58+07:00,VNSTOCK_SILVER
VDN,0,0,,,,0,0,0,0,,,,0,0,UPCOM,51.48,50.77,51.12,2026-10-08T14:04:58+07:00,VNSTOCK_SILVER
GTA,0,0,,,,0,0,0,0,,,,0,0,HOSE,51.48,50.77,51.12,2026-10-08T14:04:58+07:00,VNSTOCK_SILVER
GSP,0,0,,,,0,0,0,0,,,,0,0,HOSE,51.48,50.77,51.12,2026-10-08T14:04:58+07:00,VNSTOCK_SILVER
GMH,0,0,,,,0,0,0,0,,,,0,0,HOSE,51.48,50.77,51.12,2026-10-08T14:04:58+07:00,VNSTOCK_SILVER
HMC,0,0,,,,500,500,0,0,,,,0,0,HOSE,51.48,50.77,51.12,2026-10-08T14:04:58+07:00,VNSTOCK_SILVER
ECO,0,0,,,,0,0,0,0,,,,0,0,HOSE,51.48,50.77,51.12,2026-10-08T14:04:58+07:00,VNSTOCK_SILVER
DXV,0,0,,,,0,0,0,0,,,,0,0,HOSE,51.48,50.77,51.12,2026-10-08T14:04:58+07:00,VNSTOCK_SILVER
VHD,0,0,,,,0,0,0,0,,,,0,0,UPCOM,51.48,50.77,51.12,2026-10-08T14:04:58+07:00,VNSTOCK_SILVER
VGV,0,0,,,,0,0,0,0,,,,0,0,UPCOM,51.48,50.77,51.12,2026-10-08T14:04:58+07:00,VNSTOCK_SILVER
VGL,0,0,,,,0,0,0,0,,,,0,0,UPCOM,51.48,50.77,51.12,2026-10-08T14:04:58+07:00,VNSTOCK_SILVER
VGG,0,0,,,,0,0,0,0,,,,0,0,UPCOM,51.48,50.77,51.12,2026-10-08T14:04:58+07:00,VNSTOCK_SILVER
VFR,0,0,,,,0,0,0,0,,,,0,0,UPCOM,51.48,50.77,51.12,2026-10-08T14:04:58+07:00,VNSTOCK_SILVER
VFC,0,0,,,,0,0,0,0,,,,0,0,UPCOM,51.48,50.77,51.12,2026-10-08T14:04:58+07:00,VNSTOCK_SILVER
VET,0,0,,,,0,0,0,0,,,,0,0,UPCOM,51.48,50.77,51.12,2026-10-08T14:04:58+07:00,VNSTOCK_SILVER
VES,0,0,,,,0,0,0,0,,,,0,0,UPCOM,51.48,50.77,51.12,2026-10-08T14:04:58+07:00,VNSTOCK_SILVER
VEC,0,0,,,,0,0,0,0,,,,0,0,UPCOM,51.48,50.77,51.12,2026-10-08T14:04:58+07:00,VNSTOCK_SILVER
HAP,0,0,,,,0,0,0,0,,,,0,0,HOSE,51.48,50.77,51.12,2026-10-08T14:04:58+07:00,VNSTOCK_SILVER
VDG,0,0,,,,0,0,0,0,,,,0,0,UPCOM,51.48,50.77,51.12,2026-10-08T14:04:58+07:00,VNSTOCK_SILVER
VDB,0,0,,,,0,0,0,0,,,,0,0,UPCOM,51.48,50.77,51.12,2026-10-08T14:04:58+07:00,VNSTOCK_SILVER
VCX,0,0,,,,0,0,0,0,,,,0,0,UPCOM,51.48,50.77,51.12,2026-10-08T14:04:58+07:00,VNSTOCK_SILVER
VCT,0,0,,,,0,0,0,0,,,,0,0,UPCOM,51.48,50.77,51.12,2026-10-08T14:04:58+07:00,VNSTOCK_SILVER
VCR,0,0,,,,0,0,0,0,,,,0,0,UPCOM,51.48,50.77,51.12,2026-10-08T14:04:58+07:00,VNSTOCK_SILVER
VCP,0,0,,,,0,0,0,0,,,,0,0,UPCOM,51.48,50.77,51.12,2026-10-08T14:04:58+07:00,VNSTOCK_SILVER
VCE,0,0,,,,0,0,0,0,,,,0,0,UPCOM,51.48,50.77,51.12,2026-10-08T14:04:58+07:00,VNSTOCK_SILVER
VBT,0,0,,,,0,0,0,0,,,,0,0,UPCOM,51.48,50.77,51.12,2026-10-08T14:04:58+07:00,VNSTOCK_SILVER
VBH,0,0,,,,0,0,0,0,,,,0,0,UPCOM,51.48,50.77,51.12,2026-10-08T14:04:58+07:00,VNSTOCK_SILVER
VBG,0,0,,,,0,0,0,0,,,,0,0,UPCOM,51.48,50.77,51.12,2026-10-08T14:04:58+07:00,VNSTOCK_SILVER
VAV,0,0,,,,0,0,0,0,,,,0,0,UPCOM,51.48,50.77,51.12,2026-10-08T14:04:58+07:00,VNSTOCK_SILVER
VAF,0,0,,,,0,0,0,0,,,,0,0,UPCOM,51.48,50.77,51.12,2026-10-08T14:04:58+07:00,VNSTOCK_SILVER
UXC,0,0,,,,0,0,0,0,,,,0,0,UPCOM,51.48,50.77,51.12,2026-10-08T14:04:58+07:00,VNSTOCK_SILVER
UTT,0,0,,,,0,0,0,0,,,,0,0,UPCOM,51.48,50.77,51.12,2026-10-08T14:04:58+07:00,VNSTOCK_SILVER
USD,0,0,,,,0,0,0,0,,,,0,0,UPCOM,51.48,50.77,51.12,2026-10-08T14:04:58+07:00,VNSTOCK_SILVER
USC,0,0,,,,0,0,0,0,,,,0,0,UPCOM,51.48,50.77,51.12,2026-10-08T14:04:58+07:00,VNSTOCK_SILVER
HTV,0,0,,,,0,0,0,0,,,,0,0,HOSE,51.48,50.77,51.12,2026-10-08T14:04:58+07:00,VNSTOCK_SILVER
HTG,0,0,,,,0,0,0,0,,,,0,0,HOSE,51.48,50.77,51.12,2026-10-08T14:04:58+07:00,VNSTOCK_SILVER
HRC,0,0,,,,0,0,0,0,,,,0,0,HOSE,51.48,50.77,51.12,2026-10-08T14:04:58+07:00,VNSTOCK_SILVER
HNA,0,0,,,,0,0,0,0,,,,0,0,HOSE,51.48,50.77,51.12,2026-10-08T14:04:58+07:00,VNSTOCK_SILVER
KMR,0,0,,,,0,0,0,0,,,,0,0,HOSE,51.48,50.77,51.12,2026-10-08T14:04:58+07:00,VNSTOCK_SILVER
KHP,0,0,,,,0,-300,0,0,,,,0,0,HOSE,51.48,50.77,51.12,2026-10-08T14:04:58+07:00,VNSTOCK_SILVER
IDI,0,0,,,,0,0,0,0,,,,0,0,HOSE,51.48,50.77,51.12,2026-10-08T14:04:58+07:00,VNSTOCK_SILVER
ICT,0,0,,,,0,0,0,0,,,,0,0,HOSE,51.48,50.77,51.12,2026-10-08T14:04:58+07:00,VNSTOCK_SILVER
MCP,0,0,,,,0,0,0,0,,,,0,0,HOSE,51.48,50.77,51.12,2026-10-08T14:04:58+07:00,VNSTOCK_SILVER
MCM,0,0,,,,0,0,0,0,,,,0,0,HOSE,51.48,50.77,51.12,2026-10-08T14:04:58+07:00,VNSTOCK_SILVER
LSS,0,0,,,,0,0,0,0,,,,0,0,HOSE,51.48,50.77,51.12,2026-10-08T14:04:58+07:00,VNSTOCK_SILVER
LGL,0,0,,,,0,0,0,0,,,,0,0,HOSE,51.48,50.77,51.12,2026-10-08T14:04:58+07:00,VNSTOCK_SILVER
LGC,0,0,,,,0,0,0,0,,,,0,0,HOSE,51.48,50.77,51.12,2026-10-08T14:04:58+07:00,VNSTOCK_SILVER
LAF,0,0,,,,0,0,0,0,,,,0,0,HOSE,51.48,50.77,51.12,2026-10-08T14:04:58+07:00,VNSTOCK_SILVER
UPS,0,0,,,,0,0,0,0,,,,0,0,UPCOM,51.48,50.77,51.12,2026-10-08T14:04:58+07:00,VNSTOCK_SILVER
UPH,0,0,,,,0,0,0,0,,,,0,0,UPCOM,51.48,50.77,51.12,2026-10-08T14:04:58+07:00,VNSTOCK_SILVER
UPC,0,0,,,,0,0,0,0,,,,0,0,UPCOM,51.48,50.77,51.12,2026-10-08T14:04:58+07:00,VNSTOCK_SILVER
UMC,0,0,,,,0,0,0,0,,,,0,0,UPCOM,51.48,50.77,51.12,2026-10-08T14:04:58+07:00,VNSTOCK_SILVER
ULG,0,0,,,,0,0,0,0,,,,0,0,UPCOM,51.48,50.77,51.12,2026-10-08T14:04:58+07:00,VNSTOCK_SILVER
UEM,0,0,,,,0,0,0,0,,,,0,0,UPCOM,51.48,50.77,51.12,2026-10-08T14:04:58+07:00,VNSTOCK_SILVER
UDL,0,0,,,,0,0,0,0,,,,0,0,UPCOM,51.48,50.77,51.12,2026-10-08T14:04:58+07:00,VNSTOCK_SILVER
UDJ,0,0,,,,0,0,0,0,,,,0,0,UPCOM,51.48,50.77,51.12,2026-10-08T14:04:58+07:00,VNSTOCK_SILVER
UDC,0,0,,,,0,0,0,0,,,,0,0,UPCOM,51.48,50.77,51.12,2026-10-08T14:04:58+07:00,VNSTOCK_SILVER
UCT,0,0,,,,0,0,0,0,,,,0,0,UPCOM,51.48,50.77,51.12,2026-10-08T14:04:58+07:00,VNSTOCK_SILVER
TVN,0,0,,,,0,0,0,0,,,,0,0,UPCOM,51.48,50.77,51.12,2026-10-08T14:04:58+07:00,VNSTOCK_SILVER
TVM,0,0,,,,0,0,0,0,,,,0,0,UPCOM,51.48,50.77,51.12,2026-10-08T14:04:58+07:00,VNSTOCK_SILVER
TVH,0,0,,,,0,0,0,0,,,,0,0,UPCOM,51.48,50.77,51.12,2026-10-08T14:04:58+07:00,VNSTOCK_SILVER
TVG,0,0,,,,0,0,0,0,,,,0,0,UPCOM,51.48,50.77,51.12,2026-10-08T14:04:58+07:00,VNSTOCK_SILVER
TVA,0,0,,,,0,0,0,0,,,,0,0,UPCOM,51.48,50.77,51.12,2026-10-08T14:04:58+07:00,VNSTOCK_SILVER
TUG,0,0,,,,0,0,0,0,,,,0,0,UPCOM,51.48,50.77,51.12,2026-10-08T14:04:58+07:00,VNSTOCK_SILVER
NAV,0,0,,,,0,0,0,0,,,,0,0,HOSE,51.48,50.77,51.12,2026-10-08T14:04:58+07:00,VNSTOCK_SILVER
MHC,0,0,,,,0,0,0,0,,,,0,0,HOSE,51.48,50.77,51.12,2026-10-08T14:04:58+07:00,VNSTOCK_SILVER
MDG,0,0,,,,0,0,0,0,,,,0,0,HOSE,51.48,50.77,51.12,2026-10-08T14:04:58+07:00,VNSTOCK_SILVER
PDN,0,0,,,,0,0,0,0,,,,0,0,HOSE,51.48,50.77,51.12,2026-10-08T14:04:58+07:00,VNSTOCK_SILVER
NVT,0,0,,,,0,0,0,0,,,,0,0,HOSE,51.48,50.77,51.12,2026-10-08T14:04:58+07:00,VNSTOCK_SILVER
NTC,0,0,,,,0,0,0,0,,,,0,0,HOSE,51.48,50.77,51.12,2026-10-08T14:04:58+07:00,VNSTOCK_SILVER
TTZ,0,0,,,,0,0,0,0,,,,0,0,UPCOM,51.48,50.77,51.12,2026-10-08T14:04:58+07:00,VNSTOCK_SILVER
TTS,0,0,,,,0,0,0,0,,,,0,0,UPCOM,51.48,50.77,51.12,2026-10-08T14:04:58+07:00,VNSTOCK_SILVER
TTG,0,0,,,,0,0,0,0,,,,0,0,UPCOM,51.48,50.77,51.12,2026-10-08T14:04:58+07:00,VNSTOCK_SILVER
TTD,0,0,,,,0,0,0,0,,,,0,0,UPCOM,51.48,50.77,51.12,2026-10-08T14:04:58+07:00,VNSTOCK_SILVER
TTB,0,0,,,,0,0,0,0,,,,0,0,UPCOM,51.48,50.77,51.12,2026-10-08T14:04:58+07:00,VNSTOCK_SILVER
TST,0,0,,,,0,0,0,0,,,,0,0,UPCOM,51.48,50.77,51.12,2026-10-08T14:04:58+07:00,VNSTOCK_SILVER
TSJ,0,0,,,,0,0,0,0,,,,0,0,UPCOM,51.48,50.77,51.12,2026-10-08T14:04:58+07:00,VNSTOCK_SILVER
TSG,0,0,,,,0,0,0,0,,,,0,0,UPCOM,51.48,50.77,51.12,2026-10-08T14:04:58+07:00,VNSTOCK_SILVER
TRV,0,0,,,,0,0,0,0,,,,0,0,UPCOM,51.48,50.77,51.12,2026-10-08T14:04:58+07:00,VNSTOCK_SILVER
TRT,0,0,,,,0,0,0,0,,,,0,0,UPCOM,51.48,50.77,51.12,2026-10-08T14:04:58+07:00,VNSTOCK_SILVER
TRS,0,0,,,,0,0,0,0,,,,0,0,UPCOM,51.48,50.77,51.12,2026-10-08T14:04:58+07:00,VNSTOCK_SILVER
TQW,0,0,,,,0,0,0,0,,,,0,0,UPCOM,51.48,50.77,51.12,2026-10-08T14:04:58+07:00,VNSTOCK_SILVER
TPS,0,0,,,,0,0,0,0,,,,0,0,UPCOM,51.48,50.77,51.12,2026-10-08T14:04:58+07:00,VNSTOCK_SILVER
TOW,0,0,,,,0,0,0,0,,,,0,0,UPCOM,51.48,50.77,51.12,2026-10-08T14:04:58+07:00,VNSTOCK_SILVER
DTT,0,0,,,,0,0,0,0,,,,0,0,HOSE,51.48,50.77,51.12,2026-10-08T14:04:58+07:00,VNSTOCK_SILVER
DTL,0,0,,,,0,0,0,0,,,,0,0,HOSE,51.48,50.77,51.12,2026-10-08T14:04:58+07:00,VNSTOCK_SILVER
DTA,0,0,,,,0,0,0,0,,,,0,0,HOSE,51.48,50.77,51.12,2026-10-08T14:04:58+07:00,VNSTOCK_SILVER
DRL,0,0,,,,0,0,0,0,,,,0,0,HOSE,51.48,50.77,51.12,2026-10-08T14:04:58+07:00,VNSTOCK_SILVER
DRH,0,0,,,,0,0,0,0,,,,0,0,HOSE,51.48,50.77,51.12,2026-10-08T14:04:58+07:00,VNSTOCK_SILVER
DQC,0,0,,,,0,0,0,0,,,,0,0,HOSE,51.48,50.77,51.12,2026-10-08T14:04:58+07:00,VNSTOCK_SILVER
FIT,0,0,,,,0,0,0,0,,,,0,0,HOSE,51.48,50.77,51.12,2026-10-08T14:04:58+07:00,VNSTOCK_SILVER
FIR,0,0,,,,0,0,0,0,,,,0,0,HOSE,51.48,50.77,51.12,2026-10-08T14:04:58+07:00,VNSTOCK_SILVER
FDC,0,0,,,,0,0,0,0,,,,0,0,HOSE,51.48,50.77,51.12,2026-10-08T14:04:58+07:00,VNSTOCK_SILVER
PNC,0,0,,,,0,0,0,0,,,,0,0,HOSE,51.48,50.77,51.12,2026-10-08T14:04:58+07:00,VNSTOCK_SILVER
PJT,0,0,,,,0,0,0,0,,,,0,0,HOSE,51.48,50.77,51.12,2026-10-08T14:04:58+07:00,VNSTOCK_SILVER
PIT,0,0,,,,0,0,0,0,,,,0,0,HOSE,51.48,50.77,51.12,2026-10-08T14:04:58+07:00,VNSTOCK_SILVER
SBA,0,0,,,,0,0,0,0,,,,0,0,HOSE,51.48,50.77,51.12,2026-10-08T14:04:58+07:00,VNSTOCK_SILVER
SAV,0,0,,,,0,0,0,0,,,,0,0,HOSE,51.48,50.77,51.12,2026-10-08T14:04:58+07:00,VNSTOCK_SILVER
RYG,0,0,,,,0,0,0,0,,,,0,0,HOSE,51.48,50.77,51.12,2026-10-08T14:04:58+07:00,VNSTOCK_SILVER
QNP,0,0,,,,0,0,0,0,,,,0,0,HOSE,51.48,50.77,51.12,2026-10-08T14:04:58+07:00,VNSTOCK_SILVER
PTL,0,0,,,,0,0,0,0,,,,0,0,HOSE,51.48,50.77,51.12,2026-10-08T14:04:58+07:00,VNSTOCK_SILVER
PTC,0,0,,,,0,0,0,0,,,,0,0,HOSE,51.48,50.77,51.12,2026-10-08T14:04:58+07:00,VNSTOCK_SILVER
TOS,0,0,,,,0,0,0,0,,,,0,0,UPCOM,51.48,50.77,51.12,2026-10-08T14:04:58+07:00,VNSTOCK_SILVER
TOP,0,0,,,,0,0,0,0,,,,0,0,UPCOM,51.48,50.77,51.12,2026-10-08T14:04:58+07:00,VNSTOCK_SILVER
TNW,0,0,,,,0,0,0,0,,,,0,0,UPCOM,51.48,50.77,51.12,2026-10-08T14:04:58+07:00,VNSTOCK_SILVER
TNS,0,0,,,,0,0,0,0,,,,0,0,UPCOM,51.48,50.77,51.12,2026-10-08T14:04:58+07:00,VNSTOCK_SILVER
TNP,0,0,,,,0,0,0,0,,,,0,0,UPCOM,51.48,50.77,51.12,2026-10-08T14:04:58+07:00,VNSTOCK_SILVER
TNB,0,0,,,,0,0,0,0,,,,0,0,UPCOM,51.48,50.77,51.12,2026-10-08T14:04:58+07:00,VNSTOCK_SILVER
TNA,0,0,,,,0,0,0,0,,,,0,0,UPCOM,51.48,50.77,51.12,2026-10-08T14:04:58+07:00,VNSTOCK_SILVER
TMW,0,0,,,,0,0,0,0,,,,0,0,UPCOM,51.48,50.77,51.12,2026-10-08T14:04:58+07:00,VNSTOCK_SILVER
TMG,0,0,,,,0,0,0,0,,,,0,0,UPCOM,51.48,50.77,51.12,2026-10-08T14:04:58+07:00,VNSTOCK_SILVER
TLP,0,0,,,,0,0,0,0,,,,0,0,UPCOM,51.48,50.77,51.12,2026-10-08T14:04:58+07:00,VNSTOCK_SILVER
TKA,0,0,,,,0,0,0,0,,,,0,0,UPCOM,51.48,50.77,51.12,2026-10-08T14:04:58+07:00,VNSTOCK_SILVER
TIS,0,0,,,,0,0,0,0,,,,0,0,UPCOM,51.48,50.77,51.12,2026-10-08T14:04:58+07:00,VNSTOCK_SILVER
TIN,0,0,,,,0,0,0,0,,,,0,0,UPCOM,51.48,50.77,51.12,2026-10-08T14:04:58+07:00,VNSTOCK_SILVER
TIE,0,0,,,,0,0,0,0,,,,0,0,UPCOM,51.48,50.77,51.12,2026-10-08T14:04:58+07:00,VNSTOCK_SILVER
TID,0,0,,,,0,0,0,0,,,,0,0,UPCOM,51.48,50.77,51.12,2026-10-08T14:04:58+07:00,VNSTOCK_SILVER
SHA,0,0,,,,0,0,0,0,,,,0,0,HOSE,51.48,50.77,51.12,2026-10-08T14:04:58+07:00,VNSTOCK_SILVER
SGT,0,0,,,,0,0,0,0,,,,0,0,HOSE,51.48,50.77,51.12,2026-10-08T14:04:58+07:00,VNSTOCK_SILVER
SGN,0,0,,,,0,0,0,0,,,,0,0,HOSE,51.48,50.77,51.12,2026-10-08T14:04:58+07:00,VNSTOCK_SILVER
SFI,0,0,,,,1700,1700,0,0,,,,0,0,HOSE,51.48,50.77,51.12,2026-10-08T14:04:58+07:00,VNSTOCK_SILVER
SFG,0,0,,,,0,0,0,0,,,,0,0,HOSE,51.48,50.77,51.12,2026-10-08T14:04:58+07:00,VNSTOCK_SILVER
SFC,0,0,,,,0,0,0,0,,,,0,0,HOSE,51.48,50.77,51.12,2026-10-08T14:04:58+07:00,VNSTOCK_SILVER
SBV,0,0,,,,0,0,0,0,,,,0,0,HOSE,51.48,50.77,51.12,2026-10-08T14:04:58+07:00,VNSTOCK_SILVER
SVC,0,0,,,,0,0,0,0,,,,0,0,HOSE,51.48,50.77,51.12,2026-10-08T14:04:58+07:00,VNSTOCK_SILVER
STG,0,0,,,,0,0,0,0,,,,0,0,HOSE,51.48,50.77,51.12,2026-10-08T14:04:58+07:00,VNSTOCK_SILVER
SRC,0,0,,,,0,0,0,0,,,,0,0,HOSE,51.48,50.77,51.12,2026-10-08T14:04:58+07:00,VNSTOCK_SILVER
SPM,0,0,,,,0,0,0,0,,,,0,0,HOSE,51.48,50.77,51.12,2026-10-08T14:04:58+07:00,VNSTOCK_SILVER
SMA,0,0,,,,0,0,0,0,,,,0,0,HOSE,51.48,50.77,51.12,2026-10-08T14:04:58+07:00,VNSTOCK_SILVER
TCT,0,0,,,,0,0,0,0,,,,0,0,HOSE,51.48,50.77,51.12,2026-10-08T14:04:58+07:00,VNSTOCK_SILVER
SZL,0,0,,,,0,0,0,0,,,,0,0,HOSE,51.48,50.77,51.12,2026-10-08T14:04:58+07:00,VNSTOCK_SILVER
SVT,0,0,,,,0,0,0,0,,,,0,0,HOSE,51.48,50.77,51.12,2026-10-08T14:04:58+07:00,VNSTOCK_SILVER
SVD,0,0,,,,0,0,0,0,,,,0,0,HOSE,51.48,50.77,51.12,2026-10-08T14:04:58+07:00,VNSTOCK_SILVER
THU,0,0,,,,0,0,0,0,,,,0,0,UPCOM,51.48,50.77,51.12,2026-10-08T14:04:58+07:00,VNSTOCK_SILVER
THP,0,0,,,,0,0,0,0,,,,0,0,UPCOM,51.48,50.77,51.12,2026-10-08T14:04:58+07:00,VNSTOCK_SILVER
THN,0,0,,,,0,0,0,0,,,,0,0,UPCOM,51.48,50.77,51.12,2026-10-08T14:04:58+07:00,VNSTOCK_SILVER
THM,0,0,,,,0,0,0,0,,,,0,0,UPCOM,51.48,50.77,51.12,2026-10-08T14:04:58+07:00,VNSTOCK_SILVER
TGP,0,0,,,,0,0,0,0,,,,0,0,UPCOM,51.48,50.77,51.12,2026-10-08T14:04:58+07:00,VNSTOCK_SILVER
TGG,0,0,,,,0,0,0,0,,,,0,0,UPCOM,51.48,50.77,51.12,2026-10-08T14:04:58+07:00,VNSTOCK_SILVER
TED,0,0,,,,0,0,0,0,,,,0,0,UPCOM,51.48,50.77,51.12,2026-10-08T14:04:58+07:00,VNSTOCK_SILVER
TDS,0,0,,,,0,0,0,0,,,,0,0,UPCOM,51.48,50.77,51.12,2026-10-08T14:04:58+07:00,VNSTOCK_SILVER
TDF,0,0,,,,0,0,0,0,,,,0,0,UPCOM,51.48,50.77,51.12,2026-10-08T14:04:58+07:00,VNSTOCK_SILVER
TDB,0,0,,,,0,0,0,0,,,,0,0,UPCOM,51.48,50.77,51.12,2026-10-08T14:04:58+07:00,VNSTOCK_SILVER
TCW,0,0,,,,0,0,0,0,,,,0,0,UPCOM,51.48,50.77,51.12,2026-10-08T14:04:58+07:00,VNSTOCK_SILVER
TCK,0,0,,,,0,0,0,0,,,,0,0,UPCOM,51.48,50.77,51.12,2026-10-08T14:04:58+07:00,VNSTOCK_SILVER
TCJ,0,0,,,,0,0,0,0,,,,0,0,UPCOM,51.48,50.77,51.12,2026-10-08T14:04:58+07:00,VNSTOCK_SILVER
TCD,0,0,,,,0,0,0,0,,,,0,0,UPCOM,51.48,50.77,51.12,2026-10-08T14:04:58+07:00,VNSTOCK_SILVER
TBW,0,0,,,,0,0,0,0,,,,0,0,UPCOM,51.48,50.77,51.12,2026-10-08T14:04:58+07:00,VNSTOCK_SILVER
TBR,0,0,,,,0,0,0,0,,,,0,0,UPCOM,51.48,50.77,51.12,2026-10-08T14:04:58+07:00,VNSTOCK_SILVER
TNC,0,0,,,,0,0,0,0,,,,0,0,HOSE,51.48,50.77,51.12,2026-10-08T14:04:58+07:00,VNSTOCK_SILVER
CVT,0,0,,,,0,0,0,0,,,,0,0,HOSE,51.48,50.77,51.12,2026-10-08T14:04:58+07:00,VNSTOCK_SILVER
VMA,0,0,,,,0,0,0,0,,,,0,0,UPCOM,51.48,50.77,51.12,2026-10-08T14:04:58+07:00,VNSTOCK_SILVER
VLW,0,0,,,,0,0,0,0,,,,0,0,UPCOM,51.48,50.77,51.12,2026-10-08T14:04:58+07:00,VNSTOCK_SILVER
VLS,0,0,,,,0,0,0,0,,,,0,0,UPCOM,51.48,50.77,51.12,2026-10-08T14:04:58+07:00,VNSTOCK_SILVER
VLP,0,0,,,,0,0,0,0,,,,0,0,UPCOM,51.48,50.77,51.12,2026-10-08T14:04:58+07:00,VNSTOCK_SILVER
VLG,0,0,,,,0,0,0,0,,,,0,0,UPCOM,51.48,50.77,51.12,2026-10-08T14:04:58+07:00,VNSTOCK_SILVER
VLC,0,0,,,,0,0,0,0,,,,0,0,UPCOM,51.48,50.77,51.12,2026-10-08T14:04:58+07:00,VNSTOCK_SILVER
VKC,0,0,,,,0,0,0,0,,,,0,0,UPCOM,51.48,50.77,51.12,2026-10-08T14:04:58+07:00,VNSTOCK_SILVER
VIW,0,0,,,,0,0,0,0,,,,0,0,UPCOM,51.48,50.77,51.12,2026-10-08T14:04:58+07:00,VNSTOCK_SILVER
VIR,0,0,,,,0,0,0,0,,,,0,0,UPCOM,51.48,50.77,51.12,2026-10-08T14:04:58+07:00,VNSTOCK_SILVER
VIN,0,0,,,,0,0,0,0,,,,0,0,UPCOM,51.48,50.77,51.12,2026-10-08T14:04:58+07:00,VNSTOCK_SILVER
VIM,0,0,,,,0,0,0,0,,,,0,0,UPCOM,51.48,50.77,51.12,2026-10-08T14:04:58+07:00,VNSTOCK_SILVER
VIE,0,0,,,,0,0,0,0,,,,0,0,UPCOM,51.48,50.77,51.12,2026-10-08T14:04:58+07:00,VNSTOCK_SILVER
VHH,0,0,,,,0,0,0,0,,,,0,0,UPCOM,51.48,50.77,51.12,2026-10-08T14:04:58+07:00,VNSTOCK_SILVER
VHF,0,0,,,,0,0,0,0,,,,0,0,UPCOM,51.48,50.77,51.12,2026-10-08T14:04:58+07:00,VNSTOCK_SILVER
TMP,0,0,,,,0,0,0,0,,,,0,0,HOSE,51.48,50.77,51.12,2026-10-08T14:04:58+07:00,VNSTOCK_SILVER
TLD,0,0,,,,0,0,0,0,,,,0,0,HOSE,51.48,50.77,51.12,2026-10-08T14:04:58+07:00,VNSTOCK_SILVER
TIX,0,0,,,,0,0,0,0,,,,0,0,HOSE,51.48,50.77,51.12,2026-10-08T14:04:58+07:00,VNSTOCK_SILVER
TDW,0,0,,,,0,0,0,0,,,,0,0,HOSE,51.48,50.77,51.12,2026-10-08T14:04:58+07:00,VNSTOCK_SILVER
TDM,0,0,,,,0,0,0,0,,,,0,0,HOSE,51.48,50.77,51.12,2026-10-08T14:04:58+07:00,VNSTOCK_SILVER
TDG,0,0,,,,0,0,0,0,,,,0,0,HOSE,51.48,50.77,51.12,2026-10-08T14:04:58+07:00,VNSTOCK_SILVER
TVT,0,0,,,,0,0,0,0,,,,0,0,HOSE,51.48,50.77,51.12,2026-10-08T14:04:58+07:00,VNSTOCK_SILVER
TTE,0,0,,,,0,0,0,0,,,,0,0,HOSE,51.48,50.77,51.12,2026-10-08T14:04:58+07:00,VNSTOCK_SILVER
TTA,0,0,,,,0,0,0,0,,,,0,0,HOSE,51.48,50.77,51.12,2026-10-08T14:04:58+07:00,VNSTOCK_SILVER
TPC,0,0,,,,0,0,0,0,,,,0,0,HOSE,51.48,50.77,51.12,2026-10-08T14:04:58+07:00,VNSTOCK_SILVER
TBD,0,0,,,,0,0,0,0,,,,0,0,UPCOM,51.48,50.77,51.12,2026-10-08T14:04:58+07:00,VNSTOCK_SILVER
TAW,0,0,,,,0,0,0,0,,,,0,0,UPCOM,51.48,50.77,51.12,2026-10-08T14:04:58+07:00,VNSTOCK_SILVER
TAR,0,0,,,,0,0,0,0,,,,0,0,UPCOM,51.48,50.77,51.12,2026-10-08T14:04:58+07:00,VNSTOCK_SILVER
TAH,0,0,,,,0,0,0,0,,,,0,0,UPCOM,51.48,50.77,51.12,2026-10-08T14:04:58+07:00,VNSTOCK_SILVER
SZG,0,0,,,,0,0,0,0,,,,0,0,UPCOM,51.48,50.77,51.12,2026-10-08T14:04:58+07:00,VNSTOCK_SILVER
SZE,0,0,,,,0,0,0,0,,,,0,0,UPCOM,51.48,50.77,51.12,2026-10-08T14:04:58+07:00,VNSTOCK_SILVER
SVH,0,0,,,,0,0,0,0,,,,0,0,UPCOM,51.48,50.77,51.12,2026-10-08T14:04:58+07:00,VNSTOCK_SILVER
SVG,0,0,,,,0,0,0,0,,,,0,0,UPCOM,51.48,50.77,51.12,2026-10-08T14:04:58+07:00,VNSTOCK_SILVER
STW,0,0,,,,0,0,0,0,,,,0,0,UPCOM,51.48,50.77,51.12,2026-10-08T14:04:58+07:00,VNSTOCK_SILVER
STS,0,0,,,,0,0,0,0,,,,0,0,UPCOM,51.48,50.77,51.12,2026-10-08T14:04:58+07:00,VNSTOCK_SILVER
STH,0,0,,,,0,0,0,0,,,,0,0,UPCOM,51.48,50.77,51.12,2026-10-08T14:04:58+07:00,VNSTOCK_SILVER
STD,0,0,,,,0,0,0,0,,,,0,0,UPCOM,51.48,50.77,51.12,2026-10-08T14:04:58+07:00,VNSTOCK_SILVER
SSH,0,0,,,,0,0,0,0,,,,0,0,UPCOM,51.48,50.77,51.12,2026-10-08T14:04:58+07:00,VNSTOCK_SILVER
VCA,0,0,,,,0,0,0,0,,,,0,0,HOSE,51.48,50.77,51.12,2026-10-08T14:04:58+07:00,VNSTOCK_SILVER
UIC,0,0,,,,0,0,0,0,,,,0,0,HOSE,51.48,50.77,51.12,2026-10-08T14:04:58+07:00,VNSTOCK_SILVER
SSG,0,0,,,,0,0,0,0,,,,0,0,UPCOM,51.48,50.77,51.12,2026-10-08T14:04:58+07:00,VNSTOCK_SILVER
SRB,0,0,,,,0,0,0,0,,,,0,0,UPCOM,51.48,50.77,51.12,2026-10-08T14:04:58+07:00,VNSTOCK_SILVER
SPV,0,0,,,,0,0,0,0,,,,0,0,UPCOM,51.48,50.77,51.12,2026-10-08T14:04:58+07:00,VNSTOCK_SILVER
SPI,0,0,,,,0,0,0,0,,,,0,0,UPCOM,51.48,50.77,51.12,2026-10-08T14:04:58+07:00,VNSTOCK_SILVER
SPH,0,0,,,,0,0,0,0,,,,0,0,UPCOM,51.48,50.77,51.12,2026-10-08T14:04:58+07:00,VNSTOCK_SILVER
SPD,0,0,,,,0,0,0,0,,,,0,0,UPCOM,51.48,50.77,51.12,2026-10-08T14:04:58+07:00,VNSTOCK_SILVER
SPB,0,0,,,,0,0,0,0,,,,0,0,UPCOM,51.48,50.77,51.12,2026-10-08T14:04:58+07:00,VNSTOCK_SILVER
SNZ,0,0,,,,0,0,0,0,,,,0,0,UPCOM,51.48,50.77,51.12,2026-10-08T14:04:58+07:00,VNSTOCK_SILVER
SNC,0,0,,,,0,0,0,0,,,,0,0,UPCOM,51.48,50.77,51.12,2026-10-08T14:04:58+07:00,VNSTOCK_SILVER
SLD,0,0,,,,0,0,0,0,,,,0,0,UPCOM,51.48,50.77,51.12,2026-10-08T14:04:58+07:00,VNSTOCK_SILVER
SKV,0,0,,,,0,0,0,0,,,,0,0,UPCOM,51.48,50.77,51.12,2026-10-08T14:04:58+07:00,VNSTOCK_SILVER
SKN,0,0,,,,0,0,0,0,,,,0,0,UPCOM,51.48,50.77,51.12,2026-10-08T14:04:58+07:00,VNSTOCK_SILVER
SKH,0,0,,,,0,0,0,0,,,,0,0,UPCOM,51.48,50.77,51.12,2026-10-08T14:04:58+07:00,VNSTOCK_SILVER
SJM,0,0,,,,0,0,0,0,,,,0,0,UPCOM,51.48,50.77,51.12,2026-10-08T14:04:58+07:00,VNSTOCK_SILVER
SJG,0,0,,,,0,0,0,0,,,,0,0,UPCOM,51.48,50.77,51.12,2026-10-08T14:04:58+07:00,VNSTOCK_SILVER
SJF,0,0,,,,0,0,0,0,,,,0,0,UPCOM,51.48,50.77,51.12,2026-10-08T14:04:58+07:00,VNSTOCK_SILVER
VPH,0,0,,,,0,0,0,0,,,,0,0,HOSE,51.48,50.77,51.12,2026-10-08T14:04:58+07:00,VNSTOCK_SILVER
VPG,0,0,,,,0,0,0,0,,,,0,0,HOSE,51.48,50.77,51.12,2026-10-08T14:04:58+07:00,VNSTOCK_SILVER
VNL,0,0,,,,0,0,0,0,,,,0,0,HOSE,51.48,50.77,51.12,2026-10-08T14:04:58+07:00,VNSTOCK_SILVER
VMD,0,0,,,,0,0,0,0,,,,0,0,HOSE,51.48,50.77,51.12,2026-10-08T14:04:58+07:00,VNSTOCK_SILVER
ADC,0,0,,,,0,0,0,0,,,,0,0,HNX,51.48,50.77,51.12,2026-10-08T14:04:58+07:00,VNSTOCK_SILVER
YBM,0,0,,,,0,0,0,0,,,,0,0,HOSE,51.48,50.77,51.12,2026-10-08T14:04:58+07:00,VNSTOCK_SILVER
VTB,0,0,,,,0,0,0,0,,,,0,0,HOSE,51.48,50.77,51.12,2026-10-08T14:04:58+07:00,VNSTOCK_SILVER
VSI,0,0,,,,0,0,0,0,,,,0,0,HOSE,51.48,50.77,51.12,2026-10-08T14:04:58+07:00,VNSTOCK_SILVER
VRC,0,0,,,,0,0,0,0,,,,0,0,HOSE,51.48,50.77,51.12,2026-10-08T14:04:58+07:00,VNSTOCK_SILVER
VPS,0,0,,,,0,0,0,0,,,,0,0,HOSE,51.48,50.77,51.12,2026-10-08T14:04:58+07:00,VNSTOCK_SILVER
SIV,0,0,,,,0,0,0,0,,,,0,0,UPCOM,51.48,50.77,51.12,2026-10-08T14:04:58+07:00,VNSTOCK_SILVER
SII,0,0,,,,0,0,0,0,,,,0,0,UPCOM,51.48,50.77,51.12,2026-10-08T14:04:58+07:00,VNSTOCK_SILVER
SIG,0,0,,,,0,0,0,0,,,,0,0,UPCOM,51.48,50.77,51.12,2026-10-08T14:04:58+07:00,VNSTOCK_SILVER
SID,0,0,,,,0,0,0,0,,,,0,0,UPCOM,51.48,50.77,51.12,2026-10-08T14:04:58+07:00,VNSTOCK_SILVER
SHC,0,0,,,,0,0,0,0,,,,0,0,UPCOM,51.48,50.77,51.12,2026-10-08T14:04:58+07:00,VNSTOCK_SILVER
SGS,0,0,,,,0,0,0,0,,,,0,0,UPCOM,51.48,50.77,51.12,2026-10-08T14:04:58+07:00,VNSTOCK_SILVER
SGI,0,0,,,,0,0,0,0,,,,0,0,UPCOM,51.48,50.77,51.12,2026-10-08T14:04:58+07:00,VNSTOCK_SILVER
SGB,0,0,,,,0,0,0,0,,,,0,0,UPCOM,51.48,50.77,51.12,2026-10-08T14:04:58+07:00,VNSTOCK_SILVER
SEP,0,0,,,,0,0,0,0,,,,0,0,UPCOM,51.48,50.77,51.12,2026-10-08T14:04:58+07:00,VNSTOCK_SILVER
SEA,0,0,,,,0,0,0,0,,,,0,0,UPCOM,51.48,50.77,51.12,2026-10-08T14:04:58+07:00,VNSTOCK_SILVER
SDY,0,0,,,,0,0,0,0,,,,0,0,UPCOM,51.48,50.77,51.12,2026-10-08T14:04:58+07:00,VNSTOCK_SILVER
SDV,0,0,,,,0,0,0,0,,,,0,0,UPCOM,51.48,50.77,51.12,2026-10-08T14:04:58+07:00,VNSTOCK_SILVER
SDP,0,0,,,,0,0,0,0,,,,0,0,UPCOM,51.48,50.77,51.12,2026-10-08T14:04:58+07:00,VNSTOCK_SILVER
SDK,0,0,,,,0,0,0,0,,,,0,0,UPCOM,51.48,50.77,51.12,2026-10-08T14:04:58+07:00,VNSTOCK_SILVER
BKC,0,0,,,,0,0,0,0,,,,0,0,HNX,51.48,50.77,51.12,2026-10-08T14:04:58+07:00,VNSTOCK_SILVER
BED,0,0,,,,0,0,0,0,,,,0,0,HNX,51.48,50.77,51.12,2026-10-08T14:04:58+07:00,VNSTOCK_SILVER
BCF,0,0,,,,0,0,0,0,,,,0,0,HNX,51.48,50.77,51.12,2026-10-08T14:04:58+07:00,VNSTOCK_SILVER
BBS,0,0,,,,0,0,0,0,,,,0,0,HNX,51.48,50.77,51.12,2026-10-08T14:04:58+07:00,VNSTOCK_SILVER
BAX,0,0,,,,0,100,0,0,,,,0,0,HNX,51.48,50.77,51.12,2026-10-08T14:04:58+07:00,VNSTOCK_SILVER
ATS,0,0,,,,0,0,0,0,,,,0,0,HNX,51.48,50.77,51.12,2026-10-08T14:04:58+07:00,VNSTOCK_SILVER
ARM,0,0,,,,0,0,0,0,,,,0,0,HNX,51.48,50.77,51.12,2026-10-08T14:04:58+07:00,VNSTOCK_SILVER
AME,0,0,,,,0,0,0,0,,,,0,0,HNX,51.48,50.77,51.12,2026-10-08T14:04:58+07:00,VNSTOCK_SILVER
AMC,0,0,,,,0,0,0,0,,,,0,0,HNX,51.48,50.77,51.12,2026-10-08T14:04:58+07:00,VNSTOCK_SILVER
ALT,0,0,,,,0,0,0,0,,,,0,0,HNX,51.48,50.77,51.12,2026-10-08T14:04:58+07:00,VNSTOCK_SILVER
CKV,0,0,,,,0,0,0,0,,,,0,0,HNX,51.48,50.77,51.12,2026-10-08T14:04:58+07:00,VNSTOCK_SILVER
CJC,0,0,,,,0,0,0,0,,,,0,0,HNX,51.48,50.77,51.12,2026-10-08T14:04:58+07:00,VNSTOCK_SILVER
CET,0,0,,,,0,0,0,0,,,,0,0,HNX,51.48,50.77,51.12,2026-10-08T14:04:58+07:00,VNSTOCK_SILVER
CAR,0,0,,,,0,0,0,0,,,,0,0,HNX,51.48,50.77,51.12,2026-10-08T14:04:58+07:00,VNSTOCK_SILVER
CAP,0,0,,,,0,0,0,0,,,,0,0,HNX,51.48,50.77,51.12,2026-10-08T14:04:58+07:00,VNSTOCK_SILVER
CAN,0,0,,,,0,100,0,0,,,,0,0,HNX,51.48,50.77,51.12,2026-10-08T14:04:58+07:00,VNSTOCK_SILVER
CAG,0,0,,,,0,0,0,0,,,,0,0,HNX,51.48,50.77,51.12,2026-10-08T14:04:58+07:00,VNSTOCK_SILVER
BXH,0,0,,,,0,0,0,0,,,,0,0,HNX,51.48,50.77,51.12,2026-10-08T14:04:58+07:00,VNSTOCK_SILVER
BTW,0,0,,,,0,0,0,0,,,,0,0,HNX,51.48,50.77,51.12,2026-10-08T14:04:58+07:00,VNSTOCK_SILVER
BTS,0,0,,,,0,0,0,0,,,,0,0,HNX,51.48,50.77,51.12,2026-10-08T14:04:58+07:00,VNSTOCK_SILVER
BPC,0,0,,,,0,0,0,0,,,,0,0,HNX,51.48,50.77,51.12,2026-10-08T14:04:58+07:00,VNSTOCK_SILVER
DNC,0,0,,,,0,0,0,0,,,,0,0,HNX,51.48,50.77,51.12,2026-10-08T14:04:58+07:00,VNSTOCK_SILVER
DIH,0,0,,,,0,0,0,0,,,,0,0,HNX,51.48,50.77,51.12,2026-10-08T14:04:58+07:00,VNSTOCK_SILVER
DHT,0,0,,,,0,0,0,0,,,,0,0,HNX,51.48,50.77,51.12,2026-10-08T14:04:58+07:00,VNSTOCK_SILVER
DHP,0,0,,,,0,0,0,0,,,,0,0,HNX,51.48,50.77,51.12,2026-10-08T14:04:58+07:00,VNSTOCK_SILVER
DAE,0,0,,,,0,0,0,0,,,,0,0,HNX,51.48,50.77,51.12,2026-10-08T14:04:58+07:00,VNSTOCK_SILVER
DAD,0,0,,,,0,0,0,0,,,,0,0,HNX,51.48,50.77,51.12,2026-10-08T14:04:58+07:00,VNSTOCK_SILVER
CTT,0,0,,,,0,0,0,0,,,,0,0,HNX,51.48,50.77,51.12,2026-10-08T14:04:58+07:00,VNSTOCK_SILVER
CTB,0,0,,,,-100,-200,0,0,,,,0,0,HNX,51.48,50.77,51.12,2026-10-08T14:04:58+07:00,VNSTOCK_SILVER
CST,0,0,,,,0,0,0,0,,,,0,0,HNX,51.48,50.77,51.12,2026-10-08T14:04:58+07:00,VNSTOCK_SILVER
CSC,0,0,,,,0,0,0,0,,,,0,0,HNX,51.48,50.77,51.12,2026-10-08T14:04:58+07:00,VNSTOCK_SILVER
CPC,0,0,,,,0,0,0,0,,,,0,0,HNX,51.48,50.77,51.12,2026-10-08T14:04:58+07:00,VNSTOCK_SILVER
CMS,0,0,,,,0,0,0,0,,,,0,0,HNX,51.48,50.77,51.12,2026-10-08T14:04:58+07:00,VNSTOCK_SILVER
CMC,0,0,,,,0,0,0,0,,,,0,0,HNX,51.48,50.77,51.12,2026-10-08T14:04:58+07:00,VNSTOCK_SILVER
CLM,0,0,,,,0,0,0,0,,,,0,0,HNX,51.48,50.77,51.12,2026-10-08T14:04:58+07:00,VNSTOCK_SILVER
CLH,0,0,,,,0,0,0,0,,,,0,0,HNX,51.48,50.77,51.12,2026-10-08T14:04:58+07:00,VNSTOCK_SILVER
GKM,0,0,,,,0,0,0,0,,,,0,0,HNX,51.48,50.77,51.12,2026-10-08T14:04:58+07:00,VNSTOCK_SILVER
GDW,0,0,,,,0,0,0,0,,,,0,0,HNX,51.48,50.77,51.12,2026-10-08T14:04:58+07:00,VNSTOCK_SILVER
FID,0,0,,,,0,0,0,0,,,,0,0,HNX,51.48,50.77,51.12,2026-10-08T14:04:58+07:00,VNSTOCK_SILVER
EID,0,0,,,,0,0,0,0,,,,0,0,HNX,51.48,50.77,51.12,2026-10-08T14:04:58+07:00,VNSTOCK_SILVER
ECI,0,0,,,,0,0,0,0,,,,0,0,HNX,51.48,50.77,51.12,2026-10-08T14:04:58+07:00,VNSTOCK_SILVER
EBS,0,0,,,,0,0,0,0,,,,0,0,HNX,51.48,50.77,51.12,2026-10-08T14:04:58+07:00,VNSTOCK_SILVER
DVM,0,0,,,,0,0,0,0,,,,0,0,HNX,51.48,50.77,51.12,2026-10-08T14:04:58+07:00,VNSTOCK_SILVER
DTG,0,0,,,,0,0,0,0,,,,0,0,HNX,51.48,50.77,51.12,2026-10-08T14:04:58+07:00,VNSTOCK_SILVER
DST,0,0,,,,0,0,0,0,,,,0,0,HNX,51.48,50.77,51.12,2026-10-08T14:04:58+07:00,VNSTOCK_SILVER
DNP,0,0,,,,0,0,0,0,,,,0,0,HNX,51.48,50.77,51.12,2026-10-08T14:04:58+07:00,VNSTOCK_SILVER
HMH,0,0,,,,0,0,0,0,,,,0,0,HNX,51.48,50.77,51.12,2026-10-08T14:04:58+07:00,VNSTOCK_SILVER
HLC,0,0,,,,0,0,0,0,,,,0,0,HNX,51.48,50.77,51.12,2026-10-08T14:04:58+07:00,VNSTOCK_SILVER
HKT,0,0,,,,0,0,0,0,,,,0,0,HNX,51.48,50.77,51.12,2026-10-08T14:04:58+07:00,VNSTOCK_SILVER
HJS,0,0,,,,0,0,0,0,,,,0,0,HNX,51.48,50.77,51.12,2026-10-08T14:04:58+07:00,VNSTOCK_SILVER
HHC,0,0,,,,0,0,0,0,,,,0,0,HNX,51.48,50.77,51.12,2026-10-08T14:04:58+07:00,VNSTOCK_SILVER
HEV,0,0,,,,0,0,0,0,,,,0,0,HNX,51.48,50.77,51.12,2026-10-08T14:04:58+07:00,VNSTOCK_SILVER
HDA,0,0,,,,8000,8000,0,0,,,,0,0,HNX,51.48,50.77,51.12,2026-10-08T14:04:58+07:00,VNSTOCK_SILVER
HCT,0,0,,,,0,0,0,0,,,,0,0,HNX,51.48,50.77,51.12,2026-10-08T14:04:58+07:00,VNSTOCK_SILVER
HCC,0,0,,,,0,0,0,0,,,,0,0,HNX,51.48,50.77,51.12,2026-10-08T14:04:58+07:00,VNSTOCK_SILVER
HBS,0,0,,,,0,0,0,0,,,,0,0,HNX,51.48,50.77,51.12,2026-10-08T14:04:58+07:00,VNSTOCK_SILVER
HAT,0,0,,,,0,0,0,0,,,,0,0,HNX,51.48,50.77,51.12,2026-10-08T14:04:58+07:00,VNSTOCK_SILVER
HAD,0,0,,,,0,0,0,0,,,,0,0,HNX,51.48,50.77,51.12,2026-10-08T14:04:58+07:00,VNSTOCK_SILVER
GMA,0,0,,,,0,0,0,0,,,,0,0,HNX,51.48,50.77,51.12,2026-10-08T14:04:58+07:00,VNSTOCK_SILVER
KHS,0,0,,,,0,0,0,0,,,,0,0,HNX,51.48,50.77,51.12,2026-10-08T14:04:58+07:00,VNSTOCK_SILVER
KDM,0,0,,,,0,0,0,0,,,,0,0,HNX,51.48,50.77,51.12,2026-10-08T14:04:58+07:00,VNSTOCK_SILVER
ITQ,0,0,,,,0,0,0,0,,,,0,0,HNX,51.48,50.77,51.12,2026-10-08T14:04:58+07:00,VNSTOCK_SILVER
INN,0,0,,,,0,0,0,0,,,,0,0,HNX,51.48,50.77,51.12,2026-10-08T14:04:58+07:00,VNSTOCK_SILVER
INC,0,0,,,,0,0,0,0,,,,0,0,HNX,51.48,50.77,51.12,2026-10-08T14:04:58+07:00,VNSTOCK_SILVER
VMT,0,0,,,,0,0,0,0,,,,0,0,UPCOM,51.48,50.77,51.12,2026-10-08T14:04:58+07:00,VNSTOCK_SILVER
VMK,0,0,,,,0,0,0,0,,,,0,0,UPCOM,51.48,50.77,51.12,2026-10-08T14:04:58+07:00,VNSTOCK_SILVER
VMG,0,0,,,,0,0,0,0,,,,0,0,UPCOM,51.48,50.77,51.12,2026-10-08T14:04:58+07:00,VNSTOCK_SILVER
CRV,0,0,,,,0,0,0,0,,,,0,0,HOSE,51.48,50.77,51.12,2026-10-08T14:04:58+07:00,VNSTOCK_SILVER
CMV,0,0,,,,0,0,0,0,,,,0,0,HOSE,51.48,50.77,51.12,2026-10-08T14:04:58+07:00,VNSTOCK_SILVER
DHM,0,0,,,,0,0,0,0,,,,0,0,HOSE,51.48,50.77,51.12,2026-10-08T14:04:58+07:00,VNSTOCK_SILVER
DBT,0,0,,,,0,0,0,0,,,,0,0,HOSE,51.48,50.77,51.12,2026-10-08T14:04:58+07:00,VNSTOCK_SILVER
DAT,0,0,,,,0,0,0,0,,,,0,0,HOSE,51.48,50.77,51.12,2026-10-08T14:04:58+07:00,VNSTOCK_SILVER
DAH,0,0,,,,0,0,0,0,,,,0,0,HOSE,51.48,50.77,51.12,2026-10-08T14:04:58+07:00,VNSTOCK_SILVER
ICG,0,0,,,,0,0,0,0,,,,0,0,HNX,51.48,50.77,51.12,2026-10-08T14:04:58+07:00,VNSTOCK_SILVER
HVT,0,0,,,,0,0,0,0,,,,0,0,HNX,51.48,50.77,51.12,2026-10-08T14:04:58+07:00,VNSTOCK_SILVER
HTC,0,0,,,,0,0,0,0,,,,0,0,HNX,51.48,50.77,51.12,2026-10-08T14:04:58+07:00,VNSTOCK_SILVER
HMR,0,0,,,,0,0,0,0,,,,0,0,HNX,51.48,50.77,51.12,2026-10-08T14:04:58+07:00,VNSTOCK_SILVER
MBG,0,0,,,,0,0,0,0,,,,0,0,HNX,51.48,50.77,51.12,2026-10-08T14:04:58+07:00,VNSTOCK_SILVER
MAC,0,0,,,,0,0,0,0,,,,0,0,HNX,51.48,50.77,51.12,2026-10-08T14:04:58+07:00,VNSTOCK_SILVER
LIG,0,0,,,,0,0,0,0,,,,0,0,HNX,51.48,50.77,51.12,2026-10-08T14:04:58+07:00,VNSTOCK_SILVER
LHC,0,0,,,,0,0,0,0,,,,0,0,HNX,51.48,50.77,51.12,2026-10-08T14:04:58+07:00,VNSTOCK_SILVER
LDP,0,0,,,,0,0,0,0,,,,0,0,HNX,51.48,50.77,51.12,2026-10-08T14:04:58+07:00,VNSTOCK_SILVER
LCD,0,0,,,,0,0,0,0,,,,0,0,HNX,51.48,50.77,51.12,2026-10-08T14:04:58+07:00,VNSTOCK_SILVER
LBE,0,0,,,,0,0,0,0,,,,0,0,HNX,51.48,50.77,51.12,2026-10-08T14:04:58+07:00,VNSTOCK_SILVER
KTS,0,0,,,,0,0,0,0,,,,0,0,HNX,51.48,50.77,51.12,2026-10-08T14:04:58+07:00,VNSTOCK_SILVER
KSV,0,0,,,,0,0,0,0,,,,0,0,HNX,51.48,50.77,51.12,2026-10-08T14:04:58+07:00,VNSTOCK_SILVER
KST,0,0,,,,0,0,0,0,,,,0,0,HNX,51.48,50.77,51.12,2026-10-08T14:04:58+07:00,VNSTOCK_SILVER
KSD,0,0,,,,0,0,0,0,,,,0,0,HNX,51.48,50.77,51.12,2026-10-08T14:04:58+07:00,VNSTOCK_SILVER
KMT,0,0,,,,0,0,0,0,,,,0,0,HNX,51.48,50.77,51.12,2026-10-08T14:04:58+07:00,VNSTOCK_SILVER
KKC,0,0,,,,0,0,0,0,,,,0,0,HNX,51.48,50.77,51.12,2026-10-08T14:04:58+07:00,VNSTOCK_SILVER
SDD,0,0,,,,0,0,0,0,,,,0,0,UPCOM,51.48,50.77,51.12,2026-10-08T14:04:58+07:00,VNSTOCK_SILVER
SDA,0,0,,,,0,0,0,0,,,,0,0,UPCOM,51.48,50.77,51.12,2026-10-08T14:04:58+07:00,VNSTOCK_SILVER
SCO,0,0,,,,0,0,0,0,,,,0,0,UPCOM,51.48,50.77,51.12,2026-10-08T14:04:58+07:00,VNSTOCK_SILVER
SCJ,0,0,,,,0,0,0,0,,,,0,0,UPCOM,51.48,50.77,51.12,2026-10-08T14:04:58+07:00,VNSTOCK_SILVER
SCD,0,0,,,,0,0,0,0,,,,0,0,UPCOM,51.48,50.77,51.12,2026-10-08T14:04:58+07:00,VNSTOCK_SILVER
SCC,0,0,,,,0,0,0,0,,,,0,0,UPCOM,51.48,50.77,51.12,2026-10-08T14:04:58+07:00,VNSTOCK_SILVER
SBR,0,0,,,,0,0,0,0,,,,0,0,UPCOM,51.48,50.77,51.12,2026-10-08T14:04:58+07:00,VNSTOCK_SILVER
SBM,0,0,,,,0,0,0,0,,,,0,0,UPCOM,51.48,50.77,51.12,2026-10-08T14:04:58+07:00,VNSTOCK_SILVER
SBL,0,0,,,,0,0,0,0,,,,0,0,UPCOM,51.48,50.77,51.12,2026-10-08T14:04:58+07:00,VNSTOCK_SILVER
SBH,0,0,,,,0,0,0,0,,,,0,0,UPCOM,51.48,50.77,51.12,2026-10-08T14:04:58+07:00,VNSTOCK_SILVER
SBD,0,0,,,,0,0,0,0,,,,0,0,UPCOM,51.48,50.77,51.12,2026-10-08T14:04:58+07:00,VNSTOCK_SILVER
SAL,0,0,,,,0,0,0,0,,,,0,0,UPCOM,51.48,50.77,51.12,2026-10-08T14:04:58+07:00,VNSTOCK_SILVER
NBW,0,0,,,,0,0,0,0,,,,0,0,HNX,51.48,50.77,51.12,2026-10-08T14:04:58+07:00,VNSTOCK_SILVER
NBP,0,0,,,,0,0,0,0,,,,0,0,HNX,51.48,50.77,51.12,2026-10-08T14:04:58+07:00,VNSTOCK_SILVER
NBC,0,0,,,,0,0,0,0,,,,0,0,HNX,51.48,50.77,51.12,2026-10-08T14:04:58+07:00,VNSTOCK_SILVER
NAP,0,0,,,,0,0,0,0,,,,0,0,HNX,51.48,50.77,51.12,2026-10-08T14:04:58+07:00,VNSTOCK_SILVER
NAG,0,0,,,,0,0,0,0,,,,0,0,HNX,51.48,50.77,51.12,2026-10-08T14:04:58+07:00,VNSTOCK_SILVER
MKV,0,0,,,,0,0,0,0,,,,0,0,HNX,51.48,50.77,51.12,2026-10-08T14:04:58+07:00,VNSTOCK_SILVER
MEL,0,0,,,,0,0,0,0,,,,0,0,HNX,51.48,50.77,51.12,2026-10-08T14:04:58+07:00,VNSTOCK_SILVER
MED,0,0,,,,0,0,0,0,,,,0,0,HNX,51.48,50.77,51.12,2026-10-08T14:04:58+07:00,VNSTOCK_SILVER
MDC,0,0,,,,0,0,0,0,,,,0,0,HNX,51.48,50.77,51.12,2026-10-08T14:04:58+07:00,VNSTOCK_SILVER
MCO,0,0,,,,0,0,0,0,,,,0,0,HNX,51.48,50.77,51.12,2026-10-08T14:04:58+07:00,VNSTOCK_SILVER
MCF,0,0,,,,0,0,0,0,,,,0,0,HNX,51.48,50.77,51.12,2026-10-08T14:04:58+07:00,VNSTOCK_SILVER
MCC,0,0,,,,0,0,0,0,,,,0,0,HNX,51.48,50.77,51.12,2026-10-08T14:04:58+07:00,VNSTOCK_SILVER
PCE,0,0,,,,0,0,0,0,,,,0,0,HNX,51.48,50.77,51.12,2026-10-08T14:04:58+07:00,VNSTOCK_SILVER
ONE,0,0,,,,0,0,0,0,,,,0,0,HNX,51.48,50.77,51.12,2026-10-08T14:04:58+07:00,VNSTOCK_SILVER
OCH,0,0,,,,0,0,0,0,,,,0,0,HNX,51.48,50.77,51.12,2026-10-08T14:04:58+07:00,VNSTOCK_SILVER
NTH,0,0,,,,0,0,0,0,,,,0,0,HNX,51.48,50.77,51.12,2026-10-08T14:04:58+07:00,VNSTOCK_SILVER
NST,0,0,,,,0,0,0,0,,,,0,0,HNX,51.48,50.77,51.12,2026-10-08T14:04:58+07:00,VNSTOCK_SILVER
NHC,0,0,,,,0,0,0,0,,,,0,0,HNX,51.48,50.77,51.12,2026-10-08T14:04:58+07:00,VNSTOCK_SILVER
NFC,0,0,,,,0,0,0,0,,,,0,0,HNX,51.48,50.77,51.12,2026-10-08T14:04:58+07:00,VNSTOCK_SILVER
NET,0,0,,,,0,0,0,0,,,,0,0,HNX,51.48,50.77,51.12,2026-10-08T14:04:58+07:00,VNSTOCK_SILVER
NDX,0,0,,,,0,0,0,0,,,,0,0,HNX,51.48,50.77,51.12,2026-10-08T14:04:58+07:00,VNSTOCK_SILVER
POT,0,0,,,,0,0,0,0,,,,0,0,HNX,51.48,50.77,51.12,2026-10-08T14:04:58+07:00,VNSTOCK_SILVER
PMP,0,0,,,,0,0,0,0,,,,0,0,HNX,51.48,50.77,51.12,2026-10-08T14:04:58+07:00,VNSTOCK_SILVER
PMC,0,0,,,,0,0,0,0,,,,0,0,HNX,51.48,50.77,51.12,2026-10-08T14:04:58+07:00,VNSTOCK_SILVER
PMB,0,0,,,,0,0,0,0,,,,0,0,HNX,51.48,50.77,51.12,2026-10-08T14:04:58+07:00,VNSTOCK_SILVER
PLC,0,0,,,,0,0,0,0,,,,0,0,HNX,51.48,50.77,51.12,2026-10-08T14:04:58+07:00,VNSTOCK_SILVER
PJC,0,0,,,,0,0,0,0,,,,0,0,HNX,51.48,50.77,51.12,2026-10-08T14:04:58+07:00,VNSTOCK_SILVER
PIC,0,0,,,,0,0,0,0,,,,0,0,HNX,51.48,50.77,51.12,2026-10-08T14:04:58+07:00,VNSTOCK_SILVER
PHN,0,0,,,,0,0,0,0,,,,0,0,HNX,51.48,50.77,51.12,2026-10-08T14:04:58+07:00,VNSTOCK_SILVER
PGN,0,0,,,,0,0,0,0,,,,0,0,HNX,51.48,50.77,51.12,2026-10-08T14:04:58+07:00,VNSTOCK_SILVER
PEN,0,0,,,,0,0,0,0,,,,0,0,HNX,51.48,50.77,51.12,2026-10-08T14:04:58+07:00,VNSTOCK_SILVER
PCT,0,0,,,,0,0,0,0,,,,0,0,HNX,51.48,50.77,51.12,2026-10-08T14:04:58+07:00,VNSTOCK_SILVER
PTX,0,0,,,,0,0,0,0,,,,0,0,HNX,51.48,50.77,51.12,2026-10-08T14:04:58+07:00,VNSTOCK_SILVER
PTS,0,0,,,,0,0,0,0,,,,0,0,HNX,51.48,50.77,51.12,2026-10-08T14:04:58+07:00,VNSTOCK_SILVER
PSW,0,0,,,,0,0,0,0,,,,0,0,HNX,51.48,50.77,51.12,2026-10-08T14:04:58+07:00,VNSTOCK_SILVER
PSE,0,0,,,,0,0,0,0,,,,0,0,HNX,51.48,50.77,51.12,2026-10-08T14:04:58+07:00,VNSTOCK_SILVER
PSD,0,0,,,,0,0,0,0,,,,0,0,HNX,51.48,50.77,51.12,2026-10-08T14:04:58+07:00,VNSTOCK_SILVER
PSC,0,0,,,,0,0,0,0,,,,0,0,HNX,51.48,50.77,51.12,2026-10-08T14:04:58+07:00,VNSTOCK_SILVER
PRC,0,0,,,,0,0,0,0,,,,0,0,HNX,51.48,50.77,51.12,2026-10-08T14:04:58+07:00,VNSTOCK_SILVER
PPT,0,0,,,,0,0,0,0,,,,0,0,HNX,51.48,50.77,51.12,2026-10-08T14:04:58+07:00,VNSTOCK_SILVER
PPS,0,0,,,,0,0,0,0,,,,0,0,HNX,51.48,50.77,51.12,2026-10-08T14:04:58+07:00,VNSTOCK_SILVER
PPP,0,0,,,,0,0,0,0,,,,0,0,HNX,51.48,50.77,51.12,2026-10-08T14:04:58+07:00,VNSTOCK_SILVER
SDU,0,0,,,,0,0,0,0,,,,0,0,HNX,51.48,50.77,51.12,2026-10-08T14:04:58+07:00,VNSTOCK_SILVER
SDG,0,0,,,,0,0,0,0,,,,0,0,HNX,51.48,50.77,51.12,2026-10-08T14:04:58+07:00,VNSTOCK_SILVER
RCL,0,0,,,,0,0,0,0,,,,0,0,HNX,51.48,50.77,51.12,2026-10-08T14:04:58+07:00,VNSTOCK_SILVER
QTC,0,0,,,,0,0,0,0,,,,0,0,HNX,51.48,50.77,51.12,2026-10-08T14:04:58+07:00,VNSTOCK_SILVER
QST,0,0,,,,0,0,0,0,,,,0,0,HNX,51.48,50.77,51.12,2026-10-08T14:04:58+07:00,VNSTOCK_SILVER
QHD,0,0,,,,0,0,0,0,,,,0,0,HNX,51.48,50.77,51.12,2026-10-08T14:04:58+07:00,VNSTOCK_SILVER
SAC,0,0,,,,0,0,0,0,,,,0,0,UPCOM,51.48,50.77,51.12,2026-10-08T14:04:58+07:00,VNSTOCK_SILVER
RTB,0,0,,,,0,0,0,0,,,,0,0,UPCOM,51.48,50.77,51.12,2026-10-08T14:04:58+07:00,VNSTOCK_SILVER
RGG,0,0,,,,0,0,0,0,,,,0,0,UPCOM,51.48,50.77,51.12,2026-10-08T14:04:58+07:00,VNSTOCK_SILVER
RCD,0,0,,,,0,0,0,0,,,,0,0,UPCOM,51.48,50.77,51.12,2026-10-08T14:04:58+07:00,VNSTOCK_SILVER
RBC,0,0,,,,0,0,0,0,,,,0,0,UPCOM,51.48,50.77,51.12,2026-10-08T14:04:58+07:00,VNSTOCK_SILVER
RAT,0,0,,,,0,0,0,0,,,,0,0,UPCOM,51.48,50.77,51.12,2026-10-08T14:04:58+07:00,VNSTOCK_SILVER
QSP,0,0,,,,0,0,0,0,,,,0,0,UPCOM,51.48,50.77,51.12,2026-10-08T14:04:58+07:00,VNSTOCK_SILVER
QPH,0,0,,,,0,0,0,0,,,,0,0,UPCOM,51.48,50.77,51.12,2026-10-08T14:04:58+07:00,VNSTOCK_SILVER
QNW,0,0,,,,0,0,0,0,,,,0,0,UPCOM,51.48,50.77,51.12,2026-10-08T14:04:58+07:00,VNSTOCK_SILVER
QNU,0,0,,,,0,0,0,0,,,,0,0,UPCOM,51.48,50.77,51.12,2026-10-08T14:04:58+07:00,VNSTOCK_SILVER
QNT,0,0,,,,0,0,0,0,,,,0,0,UPCOM,51.48,50.77,51.12,2026-10-08T14:04:58+07:00,VNSTOCK_SILVER
QNC,0,0,,,,0,0,0,0,,,,0,0,UPCOM,51.48,50.77,51.12,2026-10-08T14:04:58+07:00,VNSTOCK_SILVER
SSM,0,0,,,,0,0,0,0,,,,0,0,HNX,51.48,50.77,51.12,2026-10-08T14:04:58+07:00,VNSTOCK_SILVER
SRA,0,0,,,,0,0,0,0,,,,0,0,HNX,51.48,50.77,51.12,2026-10-08T14:04:58+07:00,VNSTOCK_SILVER
SPC,0,0,,,,0,0,0,0,,,,0,0,HNX,51.48,50.77,51.12,2026-10-08T14:04:58+07:00,VNSTOCK_SILVER
SMT,0,0,,,,0,0,0,0,,,,0,0,HNX,51.48,50.77,51.12,2026-10-08T14:04:58+07:00,VNSTOCK_SILVER
SMN,0,0,,,,0,0,0,0,,,,0,0,HNX,51.48,50.77,51.12,2026-10-08T14:04:58+07:00,VNSTOCK_SILVER
SLS,0,0,,,,0,0,0,0,,,,0,0,HNX,51.48,50.77,51.12,2026-10-08T14:04:58+07:00,VNSTOCK_SILVER
SJE,0,0,,,,0,0,0,0,,,,0,0,HNX,51.48,50.77,51.12,2026-10-08T14:04:58+07:00,VNSTOCK_SILVER
SHN,0,0,,,,0,0,0,0,,,,0,0,HNX,51.48,50.77,51.12,2026-10-08T14:04:58+07:00,VNSTOCK_SILVER
SGD,0,0,,,,0,0,0,0,,,,0,0,HNX,51.48,50.77,51.12,2026-10-08T14:04:58+07:00,VNSTOCK_SILVER
SGC,0,0,,,,0,0,0,0,,,,0,0,HNX,51.48,50.77,51.12,2026-10-08T14:04:58+07:00,VNSTOCK_SILVER
SFN,0,0,,,,0,0,0,0,,,,0,0,HNX,51.48,50.77,51.12,2026-10-08T14:04:58+07:00,VNSTOCK_SILVER
SED,0,0,,,,0,0,0,0,,,,0,0,HNX,51.48,50.77,51.12,2026-10-08T14:04:58+07:00,VNSTOCK_SILVER
SEB,0,0,,,,0,0,0,0,,,,0,0,HNX,51.48,50.77,51.12,2026-10-08T14:04:58+07:00,VNSTOCK_SILVER
TMB,0,0,,,,0,0,0,0,,,,0,0,HNX,51.48,50.77,51.12,2026-10-08T14:04:58+07:00,VNSTOCK_SILVER
TKU,0,0,,,,0,0,0,0,,,,0,0,HNX,51.48,50.77,51.12,2026-10-08T14:04:58+07:00,VNSTOCK_SILVER
TJC,0,0,,,,0,0,0,0,,,,0,0,HNX,51.48,50.77,51.12,2026-10-08T14:04:58+07:00,VNSTOCK_SILVER
THS,0,0,,,,0,0,0,0,,,,0,0,HNX,51.48,50.77,51.12,2026-10-08T14:04:58+07:00,VNSTOCK_SILVER
THB,0,0,,,,0,0,0,0,,,,0,0,HNX,51.48,50.77,51.12,2026-10-08T14:04:58+07:00,VNSTOCK_SILVER
TFC,0,0,,,,0,0,0,0,,,,0,0,HNX,51.48,50.77,51.12,2026-10-08T14:04:58+07:00,VNSTOCK_SILVER
TET,0,0,,,,0,0,0,0,,,,0,0,HNX,51.48,50.77,51.12,2026-10-08T14:04:58+07:00,VNSTOCK_SILVER
TDT,0,0,,,,0,0,0,0,,,,0,0,HNX,51.48,50.77,51.12,2026-10-08T14:04:58+07:00,VNSTOCK_SILVER
SZB,0,0,,,,0,0,0,0,,,,0,0,HNX,51.48,50.77,51.12,2026-10-08T14:04:58+07:00,VNSTOCK_SILVER
SVN,0,0,,,,0,0,0,0,,,,0,0,HNX,51.48,50.77,51.12,2026-10-08T14:04:58+07:00,VNSTOCK_SILVER
STP,0,0,,,,0,0,0,0,,,,0,0,HNX,51.48,50.77,51.12,2026-10-08T14:04:58+07:00,VNSTOCK_SILVER
STC,0,0,,,,0,0,0,0,,,,0,0,HNX,51.48,50.77,51.12,2026-10-08T14:04:58+07:00,VNSTOCK_SILVER
VCM,0,0,,,,0,0,0,0,,,,0,0,HNX,51.48,50.77,51.12,2026-10-08T14:04:58+07:00,VNSTOCK_SILVER
VBC,0,0,,,,0,0,0,0,,,,0,0,HNX,51.48,50.77,51.12,2026-10-08T14:04:58+07:00,VNSTOCK_SILVER
TXM,0,0,,,,0,0,0,0,,,,0,0,HNX,51.48,50.77,51.12,2026-10-08T14:04:58+07:00,VNSTOCK_SILVER
TVD,0,0,,,,0,0,0,0,,,,0,0,HNX,51.48,50.77,51.12,2026-10-08T14:04:58+07:00,VNSTOCK_SILVER
TVC,0,0,,,,0,0,0,0,,,,0,0,HNX,51.48,50.77,51.12,2026-10-08T14:04:58+07:00,VNSTOCK_SILVER
TTT,0,0,,,,0,0,0,0,,,,0,0,HNX,51.48,50.77,51.12,2026-10-08T14:04:58+07:00,VNSTOCK_SILVER
TTL,0,0,,,,0,0,0,0,,,,0,0,HNX,51.48,50.77,51.12,2026-10-08T14:04:58+07:00,VNSTOCK_SILVER
TTH,0,0,,,,0,0,0,0,,,,0,0,HNX,51.48,50.77,51.12,2026-10-08T14:04:58+07:00,VNSTOCK_SILVER
TTC,0,0,,,,0,0,0,0,,,,0,0,HNX,51.48,50.77,51.12,2026-10-08T14:04:58+07:00,VNSTOCK_SILVER
HOM,0,0,,,,0,0,0,0,,,,0,0,HNX,51.48,50.77,51.12,2026-10-08T14:04:58+07:00,VNSTOCK_SILVER
TPP,0,0,,,,0,0,0,0,,,,0,0,HNX,51.48,50.77,51.12,2026-10-08T14:04:58+07:00,VNSTOCK_SILVER
TOT,0,0,,,,0,0,0,0,,,,0,0,HNX,51.48,50.77,51.12,2026-10-08T14:04:58+07:00,VNSTOCK_SILVER
TMX,0,0,,,,0,0,0,0,,,,0,0,HNX,51.48,50.77,51.12,2026-10-08T14:04:58+07:00,VNSTOCK_SILVER
QHW,0,0,,,,0,0,0,0,,,,0,0,UPCOM,51.48,50.77,51.12,2026-10-08T14:04:58+07:00,VNSTOCK_SILVER
QCC,0,0,,,,0,0,0,0,,,,0,0,UPCOM,51.48,50.77,51.12,2026-10-08T14:04:58+07:00,VNSTOCK_SILVER
QBS,0,0,,,,0,0,0,0,,,,0,0,UPCOM,51.48,50.77,51.12,2026-10-08T14:04:58+07:00,VNSTOCK_SILVER
PXM,0,0,,,,0,0,0,0,,,,0,0,UPCOM,51.48,50.77,51.12,2026-10-08T14:04:58+07:00,VNSTOCK_SILVER
PXL,0,0,,,,0,0,0,0,,,,0,0,UPCOM,51.48,50.77,51.12,2026-10-08T14:04:58+07:00,VNSTOCK_SILVER
PXI,0,0,,,,0,0,0,0,,,,0,0,UPCOM,51.48,50.77,51.12,2026-10-08T14:04:58+07:00,VNSTOCK_SILVER
PXA,0,0,,,,0,0,0,0,,,,0,0,UPCOM,51.48,50.77,51.12,2026-10-08T14:04:58+07:00,VNSTOCK_SILVER
PWS,0,0,,,,0,0,0,0,,,,0,0,UPCOM,51.48,50.77,51.12,2026-10-08T14:04:58+07:00,VNSTOCK_SILVER
PWA,0,0,,,,0,0,0,0,,,,0,0,UPCOM,51.48,50.77,51.12,2026-10-08T14:04:58+07:00,VNSTOCK_SILVER
PVY,0,0,,,,0,0,0,0,,,,0,0,UPCOM,51.48,50.77,51.12,2026-10-08T14:04:58+07:00,VNSTOCK_SILVER
PVX,0,0,,,,0,0,0,0,,,,0,0,UPCOM,51.48,50.77,51.12,2026-10-08T14:04:58+07:00,VNSTOCK_SILVER
PVV,0,0,,,,0,0,0,0,,,,0,0,UPCOM,51.48,50.77,51.12,2026-10-08T14:04:58+07:00,VNSTOCK_SILVER
PVR,0,0,,,,0,0,0,0,,,,0,0,UPCOM,51.48,50.77,51.12,2026-10-08T14:04:58+07:00,VNSTOCK_SILVER
PVO,0,0,,,,0,0,0,0,,,,0,0,UPCOM,51.48,50.77,51.12,2026-10-08T14:04:58+07:00,VNSTOCK_SILVER
VNF,0,0,,,,0,0,0,0,,,,0,0,HNX,51.48,50.77,51.12,2026-10-08T14:04:58+07:00,VNSTOCK_SILVER
VNC,0,0,,,,0,0,0,0,,,,0,0,HNX,51.48,50.77,51.12,2026-10-08T14:04:58+07:00,VNSTOCK_SILVER
VMS,0,0,,,,0,0,0,0,,,,0,0,HNX,51.48,50.77,51.12,2026-10-08T14:04:58+07:00,VNSTOCK_SILVER
VMC,0,0,,,,0,0,0,0,,,,0,0,HNX,51.48,50.77,51.12,2026-10-08T14:04:58+07:00,VNSTOCK_SILVER
YTC,0,0,,,,0,0,0,0,,,,0,0,UPCOM,51.48,50.77,51.12,2026-10-08T14:04:58+07:00,VNSTOCK_SILVER
VIF,0,0,,,,0,0,0,0,,,,0,0,HNX,51.48,50.77,51.12,2026-10-08T14:04:58+07:00,VNSTOCK_SILVER
VHE,0,0,,,,0,0,0,0,,,,0,0,HNX,51.48,50.77,51.12,2026-10-08T14:04:58+07:00,VNSTOCK_SILVER
VGP,0,0,,,,0,0,0,0,,,,0,0,HNX,51.48,50.77,51.12,2026-10-08T14:04:58+07:00,VNSTOCK_SILVER
VDL,0,0,,,,0,0,0,0,,,,0,0,HNX,51.48,50.77,51.12,2026-10-08T14:04:58+07:00,VNSTOCK_SILVER
ABC,0,0,,,,0,0,0,0,,,,0,0,UPCOM,51.48,50.77,51.12,2026-10-08T14:04:58+07:00,VNSTOCK_SILVER
AAV,0,0,,,,0,0,0,0,,,,0,0,UPCOM,51.48,50.77,51.12,2026-10-08T14:04:58+07:00,VNSTOCK_SILVER
AAH,0,0,,,,0,0,0,0,,,,0,0,UPCOM,51.48,50.77,51.12,2026-10-08T14:04:58+07:00,VNSTOCK_SILVER
VTJ,0,0,,,,0,0,0,0,,,,0,0,HNX,51.48,50.77,51.12,2026-10-08T14:04:58+07:00,VNSTOCK_SILVER
VSM,0,0,,,,0,0,0,0,,,,0,0,HNX,51.48,50.77,51.12,2026-10-08T14:04:58+07:00,VNSTOCK_SILVER
VSA,0,0,,,,0,0,0,0,,,,0,0,HNX,51.48,50.77,51.12,2026-10-08T14:04:58+07:00,VNSTOCK_SILVER
VNT,0,0,,,,0,0,0,0,,,,0,0,HNX,51.48,50.77,51.12,2026-10-08T14:04:58+07:00,VNSTOCK_SILVER
PVM,0,0,,,,0,0,0,0,,,,0,0,UPCOM,51.48,50.77,51.12,2026-10-08T14:04:58+07:00,VNSTOCK_SILVER
PVL,0,0,,,,0,0,0,0,,,,0,0,UPCOM,51.48,50.77,51.12,2026-10-08T14:04:58+07:00,VNSTOCK_SILVER
PVH,0,0,,,,0,0,0,0,,,,0,0,UPCOM,51.48,50.77,51.12,2026-10-08T14:04:58+07:00,VNSTOCK_SILVER
PVE,0,0,,,,0,0,0,0,,,,0,0,UPCOM,51.48,50.77,51.12,2026-10-08T14:04:58+07:00,VNSTOCK_SILVER
PTV,0,0,,,,0,0,0,0,,,,0,0,UPCOM,51.48,50.77,51.12,2026-10-08T14:04:58+07:00,VNSTOCK_SILVER
PTT,0,0,,,,0,0,0,0,,,,0,0,UPCOM,51.48,50.77,51.12,2026-10-08T14:04:58+07:00,VNSTOCK_SILVER
PTP,0,0,,,,0,0,0,0,,,,0,0,UPCOM,51.48,50.77,51.12,2026-10-08T14:04:58+07:00,VNSTOCK_SILVER
PTO,0,0,,,,0,0,0,0,,,,0,0,UPCOM,51.48,50.77,51.12,2026-10-08T14:04:58+07:00,VNSTOCK_SILVER
PTM,0,0,,,,0,0,0,0,,,,0,0,UPCOM,51.48,50.77,51.12,2026-10-08T14:04:58+07:00,VNSTOCK_SILVER
PTH,0,0,,,,0,0,0,0,,,,0,0,UPCOM,51.48,50.77,51.12,2026-10-08T14:04:58+07:00,VNSTOCK_SILVER
PTG,0,0,,,,0,0,0,0,,,,0,0,UPCOM,51.48,50.77,51.12,2026-10-08T14:04:58+07:00,VNSTOCK_SILVER
CCL,0,0,,,,0,0,0,0,,,,0,0,HOSE,51.48,50.77,51.12,2026-10-08T14:04:58+07:00,VNSTOCK_SILVER
CCI,0,0,,,,0,0,0,0,,,,0,0,HOSE,51.48,50.77,51.12,2026-10-08T14:04:58+07:00,VNSTOCK_SILVER
CCC,0,0,,,,0,0,0,0,,,,0,0,HOSE,51.48,50.77,51.12,2026-10-08T14:04:58+07:00,VNSTOCK_SILVER
BTT,0,0,,,,0,0,0,0,,,,0,0,HOSE,51.48,50.77,51.12,2026-10-08T14:04:58+07:00,VNSTOCK_SILVER
VPW,0,0,,,,0,0,0,0,,,,0,0,UPCOM,51.48,50.77,51.12,2026-10-08T14:04:58+07:00,VNSTOCK_SILVER
VPR,0,0,,,,0,0,0,0,,,,0,0,UPCOM,51.48,50.77,51.12,2026-10-08T14:04:58+07:00,VNSTOCK_SILVER
VPC,0,0,,,,0,0,0,0,,,,0,0,UPCOM,51.48,50.77,51.12,2026-10-08T14:04:58+07:00,VNSTOCK_SILVER
VPA,0,0,,,,0,0,0,0,,,,0,0,UPCOM,51.48,50.77,51.12,2026-10-08T14:04:58+07:00,VNSTOCK_SILVER
VNZ,0,0,,,,0,0,0,0,,,,0,0,UPCOM,51.48,50.77,51.12,2026-10-08T14:04:58+07:00,VNSTOCK_SILVER
VNY,0,0,,,,0,0,0,0,,,,0,0,UPCOM,51.48,50.77,51.12,2026-10-08T14:04:58+07:00,VNSTOCK_SILVER
VNX,0,0,,,,0,0,0,0,,,,0,0,UPCOM,51.48,50.77,51.12,2026-10-08T14:04:58+07:00,VNSTOCK_SILVER
VNP,0,0,,,,0,0,0,0,,,,0,0,UPCOM,51.48,50.77,51.12,2026-10-08T14:04:58+07:00,VNSTOCK_SILVER
VNI,0,0,,,,0,0,0,0,,,,0,0,UPCOM,51.48,50.77,51.12,2026-10-08T14:04:58+07:00,VNSTOCK_SILVER
VNH,0,0,,,,0,0,0,0,,,,0,0,UPCOM,51.48,50.77,51.12,2026-10-08T14:04:58+07:00,VNSTOCK_SILVER
VNA,0,0,,,,0,0,0,0,,,,0,0,UPCOM,51.48,50.77,51.12,2026-10-08T14:04:58+07:00,VNSTOCK_SILVER
PTE,0,0,,,,0,0,0,0,,,,0,0,UPCOM,51.48,50.77,51.12,2026-10-08T14:04:58+07:00,VNSTOCK_SILVER
PSP,0,0,,,,0,0,0,0,,,,0,0,UPCOM,51.48,50.77,51.12,2026-10-08T14:04:58+07:00,VNSTOCK_SILVER
PSN,0,0,,,,0,0,0,0,,,,0,0,UPCOM,51.48,50.77,51.12,2026-10-08T14:04:58+07:00,VNSTOCK_SILVER
PSL,0,0,,,,0,0,0,0,,,,0,0,UPCOM,51.48,50.77,51.12,2026-10-08T14:04:58+07:00,VNSTOCK_SILVER
PSH,0,0,,,,0,0,0,0,,,,0,0,UPCOM,51.48,50.77,51.12,2026-10-08T14:04:58+07:00,VNSTOCK_SILVER
ANI,0,0,,,,0,0,0,0,,,,0,0,UPCOM,51.48,50.77,51.12,2026-10-08T14:04:58+07:00,VNSTOCK_SILVER
AMS,0,0,,,,0,0,0,0,,,,0,0,UPCOM,51.48,50.77,51.12,2026-10-08T14:04:58+07:00,VNSTOCK_SILVER
AMP,0,0,,,,0,0,0,0,,,,0,0,UPCOM,51.48,50.77,51.12,2026-10-08T14:04:58+07:00,VNSTOCK_SILVER
ALV,0,0,,,,0,0,0,0,,,,0,0,UPCOM,51.48,50.77,51.12,2026-10-08T14:04:58+07:00,VNSTOCK_SILVER
YBC,0,0,,,,0,0,0,0,,,,0,0,UPCOM,51.48,50.77,51.12,2026-10-08T14:04:58+07:00,VNSTOCK_SILVER
AIC,0,0,,,,0,0,0,0,,,,0,0,UPCOM,51.48,50.77,51.12,2026-10-08T14:04:58+07:00,VNSTOCK_SILVER
AGX,0,0,,,,0,0,0,0,,,,0,0,UPCOM,51.48,50.77,51.12,2026-10-08T14:04:58+07:00,VNSTOCK_SILVER
AGP,0,0,,,,0,0,0,0,,,,0,0,UPCOM,51.48,50.77,51.12,2026-10-08T14:04:58+07:00,VNSTOCK_SILVER
AGM,0,0,,,,0,0,0,0,,,,0,0,UPCOM,51.48,50.77,51.12,2026-10-08T14:04:58+07:00,VNSTOCK_SILVER
AGF,0,0,,,,0,0,0,0,,,,0,0,UPCOM,51.48,50.77,51.12,2026-10-08T14:04:58+07:00,VNSTOCK_SILVER
ACS,0,0,,,,0,0,0,0,,,,0,0,UPCOM,51.48,50.77,51.12,2026-10-08T14:04:58+07:00,VNSTOCK_SILVER
ACM,0,0,,,,0,0,0,0,,,,0,0,UPCOM,51.48,50.77,51.12,2026-10-08T14:04:58+07:00,VNSTOCK_SILVER
ACE,0,0,,,,0,0,0,0,,,,0,0,UPCOM,51.48,50.77,51.12,2026-10-08T14:04:58+07:00,VNSTOCK_SILVER
BCB,0,0,,,,0,0,0,0,,,,0,0,UPCOM,51.48,50.77,51.12,2026-10-08T14:04:58+07:00,VNSTOCK_SILVER
BCA,0,0,,,,0,0,0,0,,,,0,0,UPCOM,51.48,50.77,51.12,2026-10-08T14:04:58+07:00,VNSTOCK_SILVER
BBT,0,0,,,,0,0,0,0,,,,0,0,UPCOM,51.48,50.77,51.12,2026-10-08T14:04:58+07:00,VNSTOCK_SILVER
BBM,0,0,,,,0,0,0,0,,,,0,0,UPCOM,51.48,50.77,51.12,2026-10-08T14:04:58+07:00,VNSTOCK_SILVER
BBH,0,0,,,,0,0,0,0,,,,0,0,UPCOM,51.48,50.77,51.12,2026-10-08T14:04:58+07:00,VNSTOCK_SILVER
BAL,0,0,,,,0,0,0,0,,,,0,0,UPCOM,51.48,50.77,51.12,2026-10-08T14:04:58+07:00,VNSTOCK_SILVER
AVG,0,0,,,,0,0,0,0,,,,0,0,UPCOM,51.48,50.77,51.12,2026-10-08T14:04:58+07:00,VNSTOCK_SILVER
AVC,0,0,,,,0,0,0,0,,,,0,0,UPCOM,51.48,50.77,51.12,2026-10-08T14:04:58+07:00,VNSTOCK_SILVER
ATG,0,0,,,,0,0,0,0,,,,0,0,UPCOM,51.48,50.77,51.12,2026-10-08T14:04:58+07:00,VNSTOCK_SILVER
ATA,0,0,,,,0,0,0,0,,,,0,0,UPCOM,51.48,50.77,51.12,2026-10-08T14:04:58+07:00,VNSTOCK_SILVER
ART,0,0,,,,0,0,0,0,,,,0,0,UPCOM,51.48,50.77,51.12,2026-10-08T14:04:58+07:00,VNSTOCK_SILVER
APT,0,0,,,,0,0,0,0,,,,0,0,UPCOM,51.48,50.77,51.12,2026-10-08T14:04:58+07:00,VNSTOCK_SILVER
APL,0,0,,,,0,0,0,0,,,,0,0,UPCOM,51.48,50.77,51.12,2026-10-08T14:04:58+07:00,VNSTOCK_SILVER
APF,0,0,,,,0,0,0,0,,,,0,0,UPCOM,51.48,50.77,51.12,2026-10-08T14:04:58+07:00,VNSTOCK_SILVER
APC,0,0,,,,0,0,0,0,,,,0,0,UPCOM,51.48,50.77,51.12,2026-10-08T14:04:58+07:00,VNSTOCK_SILVER
AAM,0,0,,,,0,0,0,0,,,,0,0,HOSE,51.48,50.77,51.12,2026-10-08T14:04:58+07:00,VNSTOCK_SILVER
BHP,0,0,,,,0,0,0,0,,,,0,0,UPCOM,51.48,50.77,51.12,2026-10-08T14:04:58+07:00,VNSTOCK_SILVER
BHK,0,0,,,,0,0,0,0,,,,0,0,UPCOM,51.48,50.77,51.12,2026-10-08T14:04:58+07:00,VNSTOCK_SILVER
BHI,0,0,,,,0,0,0,0,,,,0,0,UPCOM,51.48,50.77,51.12,2026-10-08T14:04:58+07:00,VNSTOCK_SILVER
BHH,0,0,,,,0,0,0,0,,,,0,0,UPCOM,51.48,50.77,51.12,2026-10-08T14:04:58+07:00,VNSTOCK_SILVER
BHG,0,0,,,,0,0,0,0,,,,0,0,UPCOM,51.48,50.77,51.12,2026-10-08T14:04:58+07:00,VNSTOCK_SILVER
BHC,0,0,,,,0,0,0,0,,,,0,0,UPCOM,51.48,50.77,51.12,2026-10-08T14:04:58+07:00,VNSTOCK_SILVER
BHA,0,0,,,,0,0,0,0,,,,0,0,UPCOM,51.48,50.77,51.12,2026-10-08T14:04:58+07:00,VNSTOCK_SILVER
BGW,0,0,,,,0,0,0,0,,,,0,0,UPCOM,51.48,50.77,51.12,2026-10-08T14:04:58+07:00,VNSTOCK_SILVER
BGE,0,0,,,,0,0,0,0,,,,0,0,UPCOM,51.48,50.77,51.12,2026-10-08T14:04:58+07:00,VNSTOCK_SILVER
BEL,0,0,,,,0,0,0,0,,,,0,0,UPCOM,51.48,50.77,51.12,2026-10-08T14:04:58+07:00,VNSTOCK_SILVER
BDW,0,0,,,,0,0,0,0,,,,0,0,UPCOM,51.48,50.77,51.12,2026-10-08T14:04:58+07:00,VNSTOCK_SILVER
BDT,0,0,,,,0,0,0,0,,,,0,0,UPCOM,51.48,50.77,51.12,2026-10-08T14:04:58+07:00,VNSTOCK_SILVER
BDG,0,0,,,,0,0,0,0,,,,0,0,UPCOM,51.48,50.77,51.12,2026-10-08T14:04:58+07:00,VNSTOCK_SILVER
BCV,0,0,,,,0,0,0,0,,,,0,0,UPCOM,51.48,50.77,51.12,2026-10-08T14:04:58+07:00,VNSTOCK_SILVER
BCP,0,0,,,,0,0,0,0,,,,0,0,UPCOM,51.48,50.77,51.12,2026-10-08T14:04:58+07:00,VNSTOCK_SILVER
BQP,0,0,,,,0,0,0,0,,,,0,0,UPCOM,51.48,50.77,51.12,2026-10-08T14:04:58+07:00,VNSTOCK_SILVER
BQB,0,0,,,,0,0,0,0,,,,0,0,UPCOM,51.48,50.77,51.12,2026-10-08T14:04:58+07:00,VNSTOCK_SILVER
BOT,0,0,,,,0,0,0,0,,,,0,0,UPCOM,51.48,50.77,51.12,2026-10-08T14:04:58+07:00,VNSTOCK_SILVER
BNW,0,0,,,,0,0,0,0,,,,0,0,UPCOM,51.48,50.77,51.12,2026-10-08T14:04:58+07:00,VNSTOCK_SILVER
BMV,0,0,,,,0,0,0,0,,,,0,0,UPCOM,51.48,50.77,51.12,2026-10-08T14:04:58+07:00,VNSTOCK_SILVER
BMS,0,0,,,,0,0,0,0,,,,0,0,UPCOM,51.48,50.77,51.12,2026-10-08T14:04:58+07:00,VNSTOCK_SILVER
AAN,0,0,,,,0,0,0,0,,,,0,0,HOSE,51.48,50.77,51.12,2026-10-08T14:04:58+07:00,VNSTOCK_SILVER
BMJ,0,0,,,,0,0,0,0,,,,0,0,UPCOM,51.48,50.77,51.12,2026-10-08T14:04:58+07:00,VNSTOCK_SILVER
BMG,0,0,,,,0,0,0,0,,,,0,0,UPCOM,51.48,50.77,51.12,2026-10-08T14:04:58+07:00,VNSTOCK_SILVER
BMF,0,0,,,,0,0,0,0,,,,0,0,UPCOM,51.48,50.77,51.12,2026-10-08T14:04:58+07:00,VNSTOCK_SILVER
BMD,0,0,,,,0,0,0,0,,,,0,0,UPCOM,51.48,50.77,51.12,2026-10-08T14:04:58+07:00,VNSTOCK_SILVER
BLT,0,0,,,,0,0,0,0,,,,0,0,UPCOM,51.48,50.77,51.12,2026-10-08T14:04:58+07:00,VNSTOCK_SILVER
BLN,0,0,,,,0,0,0,0,,,,0,0,UPCOM,51.48,50.77,51.12,2026-10-08T14:04:58+07:00,VNSTOCK_SILVER
BIO,0,0,,,,0,0,0,0,,,,0,0,UPCOM,51.48,50.77,51.12,2026-10-08T14:04:58+07:00,VNSTOCK_SILVER
BTV,0,0,,,,0,0,0,0,,,,0,0,UPCOM,51.48,50.77,51.12,2026-10-08T14:04:58+07:00,VNSTOCK_SILVER
BTU,0,0,,,,0,0,0,0,,,,0,0,UPCOM,51.48,50.77,51.12,2026-10-08T14:04:58+07:00,VNSTOCK_SILVER
BTN,0,0,,,,0,0,0,0,,,,0,0,UPCOM,51.48,50.77,51.12,2026-10-08T14:04:58+07:00,VNSTOCK_SILVER
ACL,0,0,,,,0,0,0,0,,,,0,0,HOSE,51.48,50.77,51.12,2026-10-08T14:04:58+07:00,VNSTOCK_SILVER
BTG,0,0,,,,0,0,0,0,,,,0,0,UPCOM,51.48,50.77,51.12,2026-10-08T14:04:58+07:00,VNSTOCK_SILVER
BTD,0,0,,,,0,0,0,0,,,,0,0,UPCOM,51.48,50.77,51.12,2026-10-08T14:04:58+07:00,VNSTOCK_SILVER
BTB,0,0,,,,0,0,0,0,,,,0,0,UPCOM,51.48,50.77,51.12,2026-10-08T14:04:58+07:00,VNSTOCK_SILVER
BSQ,0,0,,,,0,0,0,0,,,,0,0,UPCOM,51.48,50.77,51.12,2026-10-08T14:04:58+07:00,VNSTOCK_SILVER
BSP,0,0,,,,0,0,0,0,,,,0,0,UPCOM,51.48,50.77,51.12,2026-10-08T14:04:58+07:00,VNSTOCK_SILVER
BSL,0,0,,,,0,0,0,0,,,,0,0,UPCOM,51.48,50.77,51.12,2026-10-08T14:04:58+07:00,VNSTOCK_SILVER
BSH,0,0,,,,0,0,0,0,,,,0,0,UPCOM,51.48,50.77,51.12,2026-10-08T14:04:58+07:00,VNSTOCK_SILVER
BSG,0,0,,,,0,0,0,0,,,,0,0,UPCOM,51.48,50.77,51.12,2026-10-08T14:04:58+07:00,VNSTOCK_SILVER
BSD,0,0,,,,0,0,0,0,,,,0,0,UPCOM,51.48,50.77,51.12,2026-10-08T14:04:58+07:00,VNSTOCK_SILVER
BSA,0,0,,,,0,0,0,0,,,,0,0,UPCOM,51.48,50.77,51.12,2026-10-08T14:04:58+07:00,VNSTOCK_SILVER
BRS,0,0,,,,0,0,0,0,,,,0,0,UPCOM,51.48,50.77,51.12,2026-10-08T14:04:58+07:00,VNSTOCK_SILVER
BRR,0,0,,,,0,0,0,0,,,,0,0,UPCOM,51.48,50.77,51.12,2026-10-08T14:04:58+07:00,VNSTOCK_SILVER
CDG,0,0,,,,0,0,0,0,,,,0,0,UPCOM,51.48,50.77,51.12,2026-10-08T14:04:58+07:00,VNSTOCK_SILVER
CCV,0,0,,,,0,0,0,0,,,,0,0,UPCOM,51.48,50.77,51.12,2026-10-08T14:04:58+07:00,VNSTOCK_SILVER
CCT,0,0,,,,0,0,0,0,,,,0,0,UPCOM,51.48,50.77,51.12,2026-10-08T14:04:58+07:00,VNSTOCK_SILVER
CCS,0,0,,,,0,0,0,0,,,,0,0,UPCOM,51.48,50.77,51.12,2026-10-08T14:04:58+07:00,VNSTOCK_SILVER
CCP,0,0,,,,0,0,0,0,,,,0,0,UPCOM,51.48,50.77,51.12,2026-10-08T14:04:58+07:00,VNSTOCK_SILVER
CCM,0,0,,,,0,0,0,0,,,,0,0,UPCOM,51.48,50.77,51.12,2026-10-08T14:04:58+07:00,VNSTOCK_SILVER
CCA,0,0,,,,0,0,0,0,,,,0,0,UPCOM,51.48,50.77,51.12,2026-10-08T14:04:58+07:00,VNSTOCK_SILVER
CBS,0,0,,,,0,0,0,0,,,,0,0,UPCOM,51.48,50.77,51.12,2026-10-08T14:04:58+07:00,VNSTOCK_SILVER
CBI,0,0,,,,0,0,0,0,,,,0,0,UPCOM,51.48,50.77,51.12,2026-10-08T14:04:58+07:00,VNSTOCK_SILVER
CAT,0,0,,,,0,0,0,0,,,,0,0,UPCOM,51.48,50.77,51.12,2026-10-08T14:04:58+07:00,VNSTOCK_SILVER
CAD,0,0,,,,0,0,0,0,,,,0,0,UPCOM,51.48,50.77,51.12,2026-10-08T14:04:58+07:00,VNSTOCK_SILVER
BWS,0,0,,,,0,0,0,0,,,,0,0,UPCOM,51.48,50.77,51.12,2026-10-08T14:04:58+07:00,VNSTOCK_SILVER
BWA,0,0,,,,0,0,0,0,,,,0,0,UPCOM,51.48,50.77,51.12,2026-10-08T14:04:58+07:00,VNSTOCK_SILVER
BVN,0,0,,,,0,0,0,0,,,,0,0,UPCOM,51.48,50.77,51.12,2026-10-08T14:04:58+07:00,VNSTOCK_SILVER
PFL,0,0,,,,0,0,0,0,,,,0,0,UPCOM,51.48,50.77,51.12,2026-10-08T14:04:58+07:00,VNSTOCK_SILVER
BVG,0,0,,,,0,0,0,0,,,,0,0,UPCOM,51.48,50.77,51.12,2026-10-08T14:04:58+07:00,VNSTOCK_SILVER
CMD,0,0,,,,0,0,0,0,,,,0,0,UPCOM,51.48,50.77,51.12,2026-10-08T14:04:58+07:00,VNSTOCK_SILVER
CLX,0,0,,,,0,0,0,0,,,,0,0,UPCOM,51.48,50.77,51.12,2026-10-08T14:04:58+07:00,VNSTOCK_SILVER
CKD,0,0,,,,0,0,0,0,,,,0,0,UPCOM,51.48,50.77,51.12,2026-10-08T14:04:58+07:00,VNSTOCK_SILVER
CKA,0,0,,,,0,0,0,0,,,,0,0,UPCOM,51.48,50.77,51.12,2026-10-08T14:04:58+07:00,VNSTOCK_SILVER
CIP,0,0,,,,0,0,0,0,,,,0,0,UPCOM,51.48,50.77,51.12,2026-10-08T14:04:58+07:00,VNSTOCK_SILVER
CID,0,0,,,,0,0,0,0,,,,0,0,UPCOM,51.48,50.77,51.12,2026-10-08T14:04:58+07:00,VNSTOCK_SILVER
CHS,0,0,,,,0,0,0,0,,,,0,0,UPCOM,51.48,50.77,51.12,2026-10-08T14:04:58+07:00,VNSTOCK_SILVER
CHC,0,0,,,,0,0,0,0,,,,0,0,UPCOM,51.48,50.77,51.12,2026-10-08T14:04:58+07:00,VNSTOCK_SILVER
CGV,0,0,,,,0,0,0,0,,,,0,0,UPCOM,51.48,50.77,51.12,2026-10-08T14:04:58+07:00,VNSTOCK_SILVER
CFV,0,0,,,,0,0,0,0,,,,0,0,UPCOM,51.48,50.77,51.12,2026-10-08T14:04:58+07:00,VNSTOCK_SILVER
CFM,0,0,,,,0,0,0,0,,,,0,0,UPCOM,51.48,50.77,51.12,2026-10-08T14:04:58+07:00,VNSTOCK_SILVER
CEN,0,0,,,,0,0,0,0,,,,0,0,UPCOM,51.48,50.77,51.12,2026-10-08T14:04:58+07:00,VNSTOCK_SILVER
CDR,0,0,,,,0,0,0,0,,,,0,0,UPCOM,51.48,50.77,51.12,2026-10-08T14:04:58+07:00,VNSTOCK_SILVER
CDP,0,0,,,,0,0,0,0,,,,0,0,UPCOM,51.48,50.77,51.12,2026-10-08T14:04:58+07:00,VNSTOCK_SILVER
CDO,0,0,,,,0,0,0,0,,,,0,0,UPCOM,51.48,50.77,51.12,2026-10-08T14:04:58+07:00,VNSTOCK_SILVER
CQN,0,0,,,,0,0,0,0,,,,0,0,UPCOM,51.48,50.77,51.12,2026-10-08T14:04:58+07:00,VNSTOCK_SILVER
CPI,0,0,,,,0,0,0,0,,,,0,0,UPCOM,51.48,50.77,51.12,2026-10-08T14:04:58+07:00,VNSTOCK_SILVER
CPH,0,0,,,,0,0,0,0,,,,0,0,UPCOM,51.48,50.77,51.12,2026-10-08T14:04:58+07:00,VNSTOCK_SILVER
CPA,0,0,,,,0,0,0,0,,,,0,0,UPCOM,51.48,50.77,51.12,2026-10-08T14:04:58+07:00,VNSTOCK_SILVER
CNT,0,0,,,,0,0,0,0,,,,0,0,UPCOM,51.48,50.77,51.12,2026-10-08T14:04:58+07:00,VNSTOCK_SILVER
CNN,0,0,,,,0,0,0,0,,,,0,0,UPCOM,51.48,50.77,51.12,2026-10-08T14:04:58+07:00,VNSTOCK_SILVER
CNC,0,0,,,,0,0,0,0,,,,0,0,UPCOM,51.48,50.77,51.12,2026-10-08T14:04:58+07:00,VNSTOCK_SILVER
CNA,0,0,,,,0,0,0,0,,,,0,0,UPCOM,51.48,50.77,51.12,2026-10-08T14:04:58+07:00,VNSTOCK_SILVER
CMW,0,0,,,,0,0,0,0,,,,0,0,UPCOM,51.48,50.77,51.12,2026-10-08T14:04:58+07:00,VNSTOCK_SILVER
AAT,0,0,,,,0,0,0,0,,,,0,0,HOSE,51.48,50.77,51.12,2026-10-08T14:04:58+07:00,VNSTOCK_SILVER
CMP,0,0,,,,0,0,0,0,,,,0,0,UPCOM,51.48,50.77,51.12,2026-10-08T14:04:58+07:00,VNSTOCK_SILVER
CMN,0,0,,,,0,0,0,0,,,,0,0,UPCOM,51.48,50.77,51.12,2026-10-08T14:04:58+07:00,VNSTOCK_SILVER
CMM,0,0,,,,0,0,0,0,,,,0,0,UPCOM,51.48,50.77,51.12,2026-10-08T14:04:58+07:00,VNSTOCK_SILVER
CMK,0,0,,,,0,0,0,0,,,,0,0,UPCOM,51.48,50.77,51.12,2026-10-08T14:04:58+07:00,VNSTOCK_SILVER
CMI,0,0,,,,0,0,0,0,,,,0,0,UPCOM,51.48,50.77,51.12,2026-10-08T14:04:58+07:00,VNSTOCK_SILVER
DCV,0,0,,,,0,0,0,0,,,,0,0,UPCOM,51.48,50.77,51.12,2026-10-08T14:04:58+07:00,VNSTOCK_SILVER
DCT,0,0,,,,0,0,0,0,,,,0,0,UPCOM,51.48,50.77,51.12,2026-10-08T14:04:58+07:00,VNSTOCK_SILVER
DCS,0,0,,,,0,0,0,0,,,,0,0,UPCOM,51.48,50.77,51.12,2026-10-08T14:04:58+07:00,VNSTOCK_SILVER
DCR,0,0,,,,0,0,0,0,,,,0,0,UPCOM,51.48,50.77,51.12,2026-10-08T14:04:58+07:00,VNSTOCK_SILVER
DCH,0,0,,,,0,0,0,0,,,,0,0,UPCOM,51.48,50.77,51.12,2026-10-08T14:04:58+07:00,VNSTOCK_SILVER
DCG,0,0,,,,0,0,0,0,,,,0,0,UPCOM,51.48,50.77,51.12,2026-10-08T14:04:58+07:00,VNSTOCK_SILVER
DCF,0,0,,,,0,0,0,0,,,,0,0,UPCOM,51.48,50.77,51.12,2026-10-08T14:04:58+07:00,VNSTOCK_SILVER
DBM,0,0,,,,0,0,0,0,,,,0,0,UPCOM,51.48,50.77,51.12,2026-10-08T14:04:58+07:00,VNSTOCK_SILVER
DAS,0,0,,,,0,0,0,0,,,,0,0,UPCOM,51.48,50.77,51.12,2026-10-08T14:04:58+07:00,VNSTOCK_SILVER
DAG,0,0,,,,0,0,0,0,,,,0,0,UPCOM,51.48,50.77,51.12,2026-10-08T14:04:58+07:00,VNSTOCK_SILVER
DAC,0,0,,,,0,0,0,0,,,,0,0,UPCOM,51.48,50.77,51.12,2026-10-08T14:04:58+07:00,VNSTOCK_SILVER
CVN,0,0,,,,0,0,0,0,,,,0,0,UPCOM,51.48,50.77,51.12,2026-10-08T14:04:58+07:00,VNSTOCK_SILVER
CTX,0,0,,,,0,0,0,0,,,,0,0,UPCOM,51.48,50.77,51.12,2026-10-08T14:04:58+07:00,VNSTOCK_SILVER
CTW,0,0,,,,0,0,0,0,,,,0,0,UPCOM,51.48,50.77,51.12,2026-10-08T14:04:58+07:00,VNSTOCK_SILVER
CQT,0,0,,,,0,0,0,0,,,,0,0,UPCOM,51.48,50.77,51.12,2026-10-08T14:04:58+07:00,VNSTOCK_SILVER
DKG,0,0,,,,0,0,0,0,,,,0,0,UPCOM,51.48,50.77,51.12,2026-10-08T14:04:58+07:00,VNSTOCK_SILVER
DKC,0,0,,,,0,0,0,0,,,,0,0,UPCOM,51.48,50.77,51.12,2026-10-08T14:04:58+07:00,VNSTOCK_SILVER
DID,0,0,,,,0,0,0,0,,,,0,0,UPCOM,51.48,50.77,51.12,2026-10-08T14:04:58+07:00,VNSTOCK_SILVER
DIC,0,0,,,,0,0,0,0,,,,0,0,UPCOM,51.48,50.77,51.12,2026-10-08T14:04:58+07:00,VNSTOCK_SILVER
DHN,0,0,,,,0,0,0,0,,,,0,0,UPCOM,51.48,50.77,51.12,2026-10-08T14:04:58+07:00,VNSTOCK_SILVER
DHD,0,0,,,,0,0,0,0,,,,0,0,UPCOM,51.48,50.77,51.12,2026-10-08T14:04:58+07:00,VNSTOCK_SILVER
DHB,0,0,,,,0,0,0,0,,,,0,0,UPCOM,51.48,50.77,51.12,2026-10-08T14:04:58+07:00,VNSTOCK_SILVER
DFF,0,0,,,,0,0,0,0,,,,0,0,UPCOM,51.48,50.77,51.12,2026-10-08T14:04:58+07:00,VNSTOCK_SILVER
DFC,0,0,,,,0,0,0,0,,,,0,0,UPCOM,51.48,50.77,51.12,2026-10-08T14:04:58+07:00,VNSTOCK_SILVER
DDN,0,0,,,,0,0,0,0,,,,0,0,UPCOM,51.48,50.77,51.12,2026-10-08T14:04:58+07:00,VNSTOCK_SILVER
DDM,0,0,,,,0,0,0,0,,,,0,0,UPCOM,51.48,50.77,51.12,2026-10-08T14:04:58+07:00,VNSTOCK_SILVER
DDH,0,0,,,,0,0,0,0,,,,0,0,UPCOM,51.48,50.77,51.12,2026-10-08T14:04:58+07:00,VNSTOCK_SILVER
DDG,0,0,,,,0,0,0,0,,,,0,0,UPCOM,51.48,50.77,51.12,2026-10-08T14:04:58+07:00,VNSTOCK_SILVER
DDB,0,0,,,,0,0,0,0,,,,0,0,UPCOM,51.48,50.77,51.12,2026-10-08T14:04:58+07:00,VNSTOCK_SILVER
DPC,0,0,,,,0,0,0,0,,,,0,0,UPCOM,51.48,50.77,51.12,2026-10-08T14:04:58+07:00,VNSTOCK_SILVER
DOP,0,0,,,,0,0,0,0,,,,0,0,UPCOM,51.48,50.77,51.12,2026-10-08T14:04:58+07:00,VNSTOCK_SILVER
DOC,0,0,,,,0,0,0,0,,,,0,0,UPCOM,51.48,50.77,51.12,2026-10-08T14:04:58+07:00,VNSTOCK_SILVER
DNW,0,0,,,,0,0,0,0,,,,0,0,UPCOM,51.48,50.77,51.12,2026-10-08T14:04:58+07:00,VNSTOCK_SILVER
DNT,0,0,,,,0,0,0,0,,,,0,0,UPCOM,51.48,50.77,51.12,2026-10-08T14:04:58+07:00,VNSTOCK_SILVER
DNN,0,0,,,,0,0,0,0,,,,0,0,UPCOM,51.48,50.77,51.12,2026-10-08T14:04:58+07:00,VNSTOCK_SILVER
DNM,0,0,,,,0,0,0,0,,,,0,0,UPCOM,51.48,50.77,51.12,2026-10-08T14:04:58+07:00,VNSTOCK_SILVER
DNL,0,0,,,,0,0,0,0,,,,0,0,UPCOM,51.48,50.77,51.12,2026-10-08T14:04:58+07:00,VNSTOCK_SILVER
DNH,0,0,,,,0,0,0,0,,,,0,0,UPCOM,51.48,50.77,51.12,2026-10-08T14:04:58+07:00,VNSTOCK_SILVER
DNE,0,0,,,,0,0,0,0,,,,0,0,UPCOM,51.48,50.77,51.12,2026-10-08T14:04:58+07:00,VNSTOCK_SILVER
DND,0,0,,,,0,0,0,0,,,,0,0,UPCOM,51.48,50.77,51.12,2026-10-08T14:04:58+07:00,VNSTOCK_SILVER
DNA,0,0,,,,0,0,0,0,,,,0,0,UPCOM,51.48,50.77,51.12,2026-10-08T14:04:58+07:00,VNSTOCK_SILVER
DMN,0,0,,,,0,0,0,0,,,,0,0,UPCOM,51.48,50.77,51.12,2026-10-08T14:04:58+07:00,VNSTOCK_SILVER
DLT,0,0,,,,0,0,0,0,,,,0,0,UPCOM,51.48,50.77,51.12,2026-10-08T14:04:58+07:00,VNSTOCK_SILVER
DLR,0,0,,,,0,0,0,0,,,,0,0,UPCOM,51.48,50.77,51.12,2026-10-08T14:04:58+07:00,VNSTOCK_SILVER
DLD,0,0,,,,0,0,0,0,,,,0,0,UPCOM,51.48,50.77,51.12,2026-10-08T14:04:58+07:00,VNSTOCK_SILVER
DVG,0,0,,,,0,-10000,0,0,,,,0,0,UPCOM,51.48,50.77,51.12,2026-10-08T14:04:58+07:00,VNSTOCK_SILVER
DVC,0,0,,,,0,0,0,0,,,,0,0,UPCOM,51.48,50.77,51.12,2026-10-08T14:04:58+07:00,VNSTOCK_SILVER
DUS,0,0,,,,0,0,0,0,,,,0,0,UPCOM,51.48,50.77,51.12,2026-10-08T14:04:58+07:00,VNSTOCK_SILVER
DTR,0,0,,,,0,0,0,0,,,,0,0,UPCOM,51.48,50.77,51.12,2026-10-08T14:04:58+07:00,VNSTOCK_SILVER
DTP,0,0,,,,0,0,0,0,,,,0,0,UPCOM,51.48,50.77,51.12,2026-10-08T14:04:58+07:00,VNSTOCK_SILVER
DTI,0,0,,,,0,0,0,0,,,,0,0,UPCOM,51.48,50.77,51.12,2026-10-08T14:04:58+07:00,VNSTOCK_SILVER
DTH,0,0,,,,0,0,0,0,,,,0,0,UPCOM,51.48,50.77,51.12,2026-10-08T14:04:58+07:00,VNSTOCK_SILVER
DTC,0,0,,,,0,0,0,0,,,,0,0,UPCOM,51.48,50.77,51.12,2026-10-08T14:04:58+07:00,VNSTOCK_SILVER
DSP,0,0,,,,0,0,0,0,,,,0,0,UPCOM,51.48,50.77,51.12,2026-10-08T14:04:58+07:00,VNSTOCK_SILVER
DSH,0,0,,,,0,0,0,0,,,,0,0,UPCOM,51.48,50.77,51.12,2026-10-08T14:04:58+07:00,VNSTOCK_SILVER
DSG,0,0,,,,0,0,0,0,,,,0,0,UPCOM,51.48,50.77,51.12,2026-10-08T14:04:58+07:00,VNSTOCK_SILVER
DSD,0,0,,,,0,0,0,0,,,,0,0,UPCOM,51.48,50.77,51.12,2026-10-08T14:04:58+07:00,VNSTOCK_SILVER
DRG,0,0,,,,0,0,0,0,,,,0,0,UPCOM,51.48,50.77,51.12,2026-10-08T14:04:58+07:00,VNSTOCK_SILVER
DPP,0,0,,,,0,0,0,0,,,,0,0,UPCOM,51.48,50.77,51.12,2026-10-08T14:04:58+07:00,VNSTOCK_SILVER
DPH,0,0,,,,0,0,0,0,,,,0,0,UPCOM,51.48,50.77,51.12,2026-10-08T14:04:58+07:00,VNSTOCK_SILVER
FGL,0,0,,,,0,0,0,0,,,,0,0,UPCOM,51.48,50.77,51.12,2026-10-08T14:04:58+07:00,VNSTOCK_SILVER
FCS,0,0,,,,0,0,0,0,,,,0,0,UPCOM,51.48,50.77,51.12,2026-10-08T14:04:58+07:00,VNSTOCK_SILVER
FCC,0,0,,,,0,0,0,0,,,,0,0,UPCOM,51.48,50.77,51.12,2026-10-08T14:04:58+07:00,VNSTOCK_SILVER
FBC,0,0,,,,0,0,0,0,,,,0,0,UPCOM,51.48,50.77,51.12,2026-10-08T14:04:58+07:00,VNSTOCK_SILVER
EMS,0,0,,,,0,0,0,0,,,,0,0,UPCOM,51.48,50.77,51.12,2026-10-08T14:04:58+07:00,VNSTOCK_SILVER
EMG,0,0,,,,0,0,0,0,,,,0,0,UPCOM,51.48,50.77,51.12,2026-10-08T14:04:58+07:00,VNSTOCK_SILVER
EME,0,0,,,,0,0,0,0,,,,0,0,UPCOM,51.48,50.77,51.12,2026-10-08T14:04:58+07:00,VNSTOCK_SILVER
EIN,0,0,,,,0,0,0,0,,,,0,0,UPCOM,51.48,50.77,51.12,2026-10-08T14:04:58+07:00,VNSTOCK_SILVER
EIC,0,0,,,,0,0,0,0,,,,0,0,UPCOM,51.48,50.77,51.12,2026-10-08T14:04:58+07:00,VNSTOCK_SILVER
EGL,0,0,,,,0,0,0,0,,,,0,0,UPCOM,51.48,50.77,51.12,2026-10-08T14:04:58+07:00,VNSTOCK_SILVER
EFI,0,0,,,,0,0,0,0,,,,0,0,UPCOM,51.48,50.77,51.12,2026-10-08T14:04:58+07:00,VNSTOCK_SILVER
DXL,0,0,,,,0,0,0,0,,,,0,0,UPCOM,51.48,50.77,51.12,2026-10-08T14:04:58+07:00,VNSTOCK_SILVER
DWS,0,0,,,,0,0,0,0,,,,0,0,UPCOM,51.48,50.77,51.12,2026-10-08T14:04:58+07:00,VNSTOCK_SILVER
DWC,0,0,,,,0,0,0,0,,,,0,0,UPCOM,51.48,50.77,51.12,2026-10-08T14:04:58+07:00,VNSTOCK_SILVER
DVW,0,0,,,,0,0,0,0,,,,0,0,UPCOM,51.48,50.77,51.12,2026-10-08T14:04:58+07:00,VNSTOCK_SILVER
DVN,0,0,,,,0,0,0,0,,,,0,0,UPCOM,51.48,50.77,51.12,2026-10-08T14:04:58+07:00,VNSTOCK_SILVER
GGG,0,0,,,,0,0,0,0,,,,0,0,UPCOM,51.48,50.77,51.12,2026-10-08T14:04:58+07:00,VNSTOCK_SILVER
GER,0,0,,,,0,0,0,0,,,,0,0,UPCOM,51.48,50.77,51.12,2026-10-08T14:04:58+07:00,VNSTOCK_SILVER
GDH,0,0,,,,0,0,0,0,,,,0,0,UPCOM,51.48,50.77,51.12,2026-10-08T14:04:58+07:00,VNSTOCK_SILVER
GCB,0,0,,,,0,0,0,0,,,,0,0,UPCOM,51.48,50.77,51.12,2026-10-08T14:04:58+07:00,VNSTOCK_SILVER
FTM,0,0,,,,0,0,0,0,,,,0,0,UPCOM,51.48,50.77,51.12,2026-10-08T14:04:58+07:00,VNSTOCK_SILVER
FTI,0,0,,,,0,0,0,0,,,,0,0,UPCOM,51.48,50.77,51.12,2026-10-08T14:04:58+07:00,VNSTOCK_SILVER
FSO,0,0,,,,0,0,0,0,,,,0,0,UPCOM,51.48,50.77,51.12,2026-10-08T14:04:58+07:00,VNSTOCK_SILVER
FRM,0,0,,,,0,0,0,0,,,,0,0,UPCOM,51.48,50.77,51.12,2026-10-08T14:04:58+07:00,VNSTOCK_SILVER
FRC,0,0,,,,0,0,0,0,,,,0,0,UPCOM,51.48,50.77,51.12,2026-10-08T14:04:58+07:00,VNSTOCK_SILVER
FIC,0,0,,,,0,0,0,0,,,,0,0,UPCOM,51.48,50.77,51.12,2026-10-08T14:04:58+07:00,VNSTOCK_SILVER
FHS,0,0,,,,0,0,0,0,,,,0,0,UPCOM,51.48,50.77,51.12,2026-10-08T14:04:58+07:00,VNSTOCK_SILVER
FHN,0,0,,,,0,0,0,0,,,,0,0,UPCOM,51.48,50.77,51.12,2026-10-08T14:04:58+07:00,VNSTOCK_SILVER
HAV,0,0,,,,0,0,0,0,,,,0,0,UPCOM,51.48,50.77,51.12,2026-10-08T14:04:58+07:00,VNSTOCK_SILVER
HAN,0,0,,,,0,0,0,0,,,,0,0,UPCOM,51.48,50.77,51.12,2026-10-08T14:04:58+07:00,VNSTOCK_SILVER
HAM,0,0,,,,0,0,0,0,,,,0,0,UPCOM,51.48,50.77,51.12,2026-10-08T14:04:58+07:00,VNSTOCK_SILVER
HAF,0,0,,,,0,0,0,0,,,,0,0,UPCOM,51.48,50.77,51.12,2026-10-08T14:04:58+07:00,VNSTOCK_SILVER
HAC,0,0,,,,0,0,0,0,,,,0,0,UPCOM,51.48,50.77,51.12,2026-10-08T14:04:58+07:00,VNSTOCK_SILVER
GVT,0,0,,,,0,0,0,0,,,,0,0,UPCOM,51.48,50.77,51.12,2026-10-08T14:04:58+07:00,VNSTOCK_SILVER
GTX,0,0,,,,0,0,0,0,,,,0,0,UPCOM,51.48,50.77,51.12,2026-10-08T14:04:58+07:00,VNSTOCK_SILVER
GTT,0,0,,,,0,0,0,0,,,,0,0,UPCOM,51.48,50.77,51.12,2026-10-08T14:04:58+07:00,VNSTOCK_SILVER
GTS,0,0,,,,0,0,0,0,,,,0,0,UPCOM,51.48,50.77,51.12,2026-10-08T14:04:58+07:00,VNSTOCK_SILVER
GTD,0,0,,,,0,0,0,0,,,,0,0,UPCOM,51.48,50.77,51.12,2026-10-08T14:04:58+07:00,VNSTOCK_SILVER
GSM,0,0,,,,0,0,0,0,,,,0,0,UPCOM,51.48,50.77,51.12,2026-10-08T14:04:58+07:00,VNSTOCK_SILVER
GPC,0,0,,,,0,0,0,0,,,,0,0,UPCOM,51.48,50.77,51.12,2026-10-08T14:04:58+07:00,VNSTOCK_SILVER
GND,0,0,,,,0,0,0,0,,,,0,0,UPCOM,51.48,50.77,51.12,2026-10-08T14:04:58+07:00,VNSTOCK_SILVER
GMC,0,0,,,,0,0,0,0,,,,0,0,UPCOM,51.48,50.77,51.12,2026-10-08T14:04:58+07:00,VNSTOCK_SILVER
GLW,0,0,,,,0,0,0,0,,,,0,0,UPCOM,51.48,50.77,51.12,2026-10-08T14:04:58+07:00,VNSTOCK_SILVER
GLC,0,0,,,,0,0,0,0,,,,0,0,UPCOM,51.48,50.77,51.12,2026-10-08T14:04:58+07:00,VNSTOCK_SILVER
HHB,0,0,,,,0,0,0,0,,,,0,0,UPCOM,51.48,50.77,51.12,2026-10-08T14:04:58+07:00,VNSTOCK_SILVER
HGT,0,0,,,,0,0,0,0,,,,0,0,UPCOM,51.48,50.77,51.12,2026-10-08T14:04:58+07:00,VNSTOCK_SILVER
HFX,0,0,,,,0,0,0,0,,,,0,0,UPCOM,51.48,50.77,51.12,2026-10-08T14:04:58+07:00,VNSTOCK_SILVER
HFC,0,0,,,,0,0,0,0,,,,0,0,UPCOM,51.48,50.77,51.12,2026-10-08T14:04:58+07:00,VNSTOCK_SILVER
HFB,0,0,,,,0,0,0,0,,,,0,0,UPCOM,51.48,50.77,51.12,2026-10-08T14:04:58+07:00,VNSTOCK_SILVER
HES,0,0,,,,0,0,0,0,,,,0,0,UPCOM,51.48,50.77,51.12,2026-10-08T14:04:58+07:00,VNSTOCK_SILVER
HEP,0,0,,,,0,0,0,0,,,,0,0,UPCOM,51.48,50.77,51.12,2026-10-08T14:04:58+07:00,VNSTOCK_SILVER
HEJ,0,0,,,,0,0,0,0,,,,0,0,UPCOM,51.48,50.77,51.12,2026-10-08T14:04:58+07:00,VNSTOCK_SILVER
HEC,0,0,,,,0,0,0,0,,,,0,0,UPCOM,51.48,50.77,51.12,2026-10-08T14:04:58+07:00,VNSTOCK_SILVER
HDW,0,0,,,,0,0,0,0,,,,0,0,UPCOM,51.48,50.77,51.12,2026-10-08T14:04:58+07:00,VNSTOCK_SILVER
HDP,0,0,,,,0,0,0,0,,,,0,0,UPCOM,51.48,50.77,51.12,2026-10-08T14:04:58+07:00,VNSTOCK_SILVER
HDM,0,0,,,,0,0,0,0,,,,0,0,UPCOM,51.48,50.77,51.12,2026-10-08T14:04:58+07:00,VNSTOCK_SILVER
HCI,0,0,,,,0,0,0,0,,,,0,0,UPCOM,51.48,50.77,51.12,2026-10-08T14:04:58+07:00,VNSTOCK_SILVER
HBH,0,0,,,,0,0,0,0,,,,0,0,UPCOM,51.48,50.77,51.12,2026-10-08T14:04:58+07:00,VNSTOCK_SILVER
HBD,0,0,,,,0,0,0,0,,,,0,0,UPCOM,51.48,50.77,51.12,2026-10-08T14:04:58+07:00,VNSTOCK_SILVER
HND,0,0,,,,0,0,0,0,,,,0,0,UPCOM,51.48,50.77,51.12,2026-10-08T14:04:58+07:00,VNSTOCK_SILVER
HNB,0,0,,,,0,0,0,0,,,,0,0,UPCOM,51.48,50.77,51.12,2026-10-08T14:04:58+07:00,VNSTOCK_SILVER
HMS,0,0,,,,0,0,0,0,,,,0,0,UPCOM,51.48,50.77,51.12,2026-10-08T14:04:58+07:00,VNSTOCK_SILVER
HMG,0,0,,,,0,0,0,0,,,,0,0,UPCOM,51.48,50.77,51.12,2026-10-08T14:04:58+07:00,VNSTOCK_SILVER
HMD,0,0,,,,0,0,0,0,,,,0,0,UPCOM,51.48,50.77,51.12,2026-10-08T14:04:58+07:00,VNSTOCK_SILVER
HLY,0,0,,,,0,0,0,0,,,,0,0,UPCOM,51.48,50.77,51.12,2026-10-08T14:04:58+07:00,VNSTOCK_SILVER
HLT,0,0,,,,0,0,0,0,,,,0,0,UPCOM,51.48,50.77,51.12,2026-10-08T14:04:58+07:00,VNSTOCK_SILVER
HLS,0,0,,,,0,0,0,0,,,,0,0,UPCOM,51.48,50.77,51.12,2026-10-08T14:04:58+07:00,VNSTOCK_SILVER
HLO,0,0,,,,0,0,0,0,,,,0,0,UPCOM,51.48,50.77,51.12,2026-10-08T14:04:58+07:00,VNSTOCK_SILVER
HLB,0,0,,,,0,0,0,0,,,,0,0,UPCOM,51.48,50.77,51.12,2026-10-08T14:04:58+07:00,VNSTOCK_SILVER
HLA,0,0,,,,0,0,0,0,,,,0,0,UPCOM,51.48,50.77,51.12,2026-10-08T14:04:58+07:00,VNSTOCK_SILVER
HKB,0,0,,,,0,0,0,0,,,,0,0,UPCOM,51.48,50.77,51.12,2026-10-08T14:04:58+07:00,VNSTOCK_SILVER
HJC,0,0,,,,0,0,0,0,,,,0,0,UPCOM,51.48,50.77,51.12,2026-10-08T14:04:58+07:00,VNSTOCK_SILVER
HHN,0,0,,,,0,0,0,0,,,,0,0,UPCOM,51.48,50.77,51.12,2026-10-08T14:04:58+07:00,VNSTOCK_SILVER
PHH,0,0,,,,0,0,0,0,,,,0,0,UPCOM,51.48,50.77,51.12,2026-10-08T14:04:58+07:00,VNSTOCK_SILVER
HRB,0,0,,,,0,0,0,0,,,,0,0,UPCOM,51.48,50.77,51.12,2026-10-08T14:04:58+07:00,VNSTOCK_SILVER
HPW,0,0,,,,0,0,0,0,,,,0,0,UPCOM,51.48,50.77,51.12,2026-10-08T14:04:58+07:00,VNSTOCK_SILVER
HPT,0,0,,,,0,0,0,0,,,,0,0,UPCOM,51.48,50.77,51.12,2026-10-08T14:04:58+07:00,VNSTOCK_SILVER
HPP,0,0,,,,0,0,0,0,,,,0,0,UPCOM,51.48,50.77,51.12,2026-10-08T14:04:58+07:00,VNSTOCK_SILVER
HPO,0,0,,,,0,0,0,0,,,,0,0,UPCOM,51.48,50.77,51.12,2026-10-08T14:04:58+07:00,VNSTOCK_SILVER
HPI,0,0,,,,0,0,0,0,,,,0,0,UPCOM,51.48,50.77,51.12,2026-10-08T14:04:58+07:00,VNSTOCK_SILVER
HPH,0,0,,,,0,0,0,0,,,,0,0,UPCOM,51.48,50.77,51.12,2026-10-08T14:04:58+07:00,VNSTOCK_SILVER
HPD,0,0,,,,0,0,0,0,,,,0,0,UPCOM,51.48,50.77,51.12,2026-10-08T14:04:58+07:00,VNSTOCK_SILVER
HPB,0,0,,,,0,0,0,0,,,,0,0,UPCOM,51.48,50.77,51.12,2026-10-08T14:04:58+07:00,VNSTOCK_SILVER
HOT,0,0,,,,0,0,0,0,,,,0,0,UPCOM,51.48,50.77,51.12,2026-10-08T14:04:58+07:00,VNSTOCK_SILVER
HNR,0,0,,,,0,0,0,0,,,,0,0,UPCOM,51.48,50.77,51.12,2026-10-08T14:04:58+07:00,VNSTOCK_SILVER
HNP,0,0,,,,0,0,0,0,,,,0,0,UPCOM,51.48,50.77,51.12,2026-10-08T14:04:58+07:00,VNSTOCK_SILVER
HNM,0,0,,,,0,0,0,0,,,,0,0,UPCOM,51.48,50.77,51.12,2026-10-08T14:04:58+07:00,VNSTOCK_SILVER
HNF,0,0,,,,0,0,0,0,,,,0,0,UPCOM,51.48,50.77,51.12,2026-10-08T14:04:58+07:00,VNSTOCK_SILVER
ICI,0,0,,,,0,0,0,0,,,,0,0,UPCOM,51.48,50.77,51.12,2026-10-08T14:04:58+07:00,VNSTOCK_SILVER
ICF,0,0,,,,0,0,0,0,,,,0,0,UPCOM,51.48,50.77,51.12,2026-10-08T14:04:58+07:00,VNSTOCK_SILVER
ICC,0,0,,,,0,0,0,0,,,,0,0,UPCOM,51.48,50.77,51.12,2026-10-08T14:04:58+07:00,VNSTOCK_SILVER
IBD,0,0,,,,0,0,0,0,,,,0,0,UPCOM,51.48,50.77,51.12,2026-10-08T14:04:58+07:00,VNSTOCK_SILVER
HWS,0,0,,,,0,0,0,0,,,,0,0,UPCOM,51.48,50.77,51.12,2026-10-08T14:04:58+07:00,VNSTOCK_SILVER
HVX,0,0,,,,0,0,0,0,,,,0,0,UPCOM,51.48,50.77,51.12,2026-10-08T14:04:58+07:00,VNSTOCK_SILVER
HVA,0,0,,,,0,0,0,0,,,,0,0,UPCOM,51.48,50.77,51.12,2026-10-08T14:04:58+07:00,VNSTOCK_SILVER
HUG,0,0,,,,0,0,0,0,,,,0,0,UPCOM,51.48,50.77,51.12,2026-10-08T14:04:58+07:00,VNSTOCK_SILVER
HTT,0,0,,,,0,0,0,0,,,,0,0,UPCOM,51.48,50.77,51.12,2026-10-08T14:04:58+07:00,VNSTOCK_SILVER
HTP,0,0,,,,0,0,0,0,,,,0,0,UPCOM,51.48,50.77,51.12,2026-10-08T14:04:58+07:00,VNSTOCK_SILVER
HTM,0,0,,,,0,0,0,0,,,,0,0,UPCOM,51.48,50.77,51.12,2026-10-08T14:04:58+07:00,VNSTOCK_SILVER
HTE,0,0,,,,0,0,0,0,,,,0,0,UPCOM,51.48,50.77,51.12,2026-10-08T14:04:58+07:00,VNSTOCK_SILVER
HSV,0,0,,,,0,0,0,0,,,,0,0,UPCOM,51.48,50.77,51.12,2026-10-08T14:04:58+07:00,VNSTOCK_SILVER
HSP,0,0,,,,0,0,0,0,,,,0,0,UPCOM,51.48,50.77,51.12,2026-10-08T14:04:58+07:00,VNSTOCK_SILVER
HSM,0,0,,,,0,0,0,0,,,,0,0,UPCOM,51.48,50.77,51.12,2026-10-08T14:04:58+07:00,VNSTOCK_SILVER
HSA,0,0,,,,0,0,0,0,,,,0,0,UPCOM,51.48,50.77,51.12,2026-10-08T14:04:58+07:00,VNSTOCK_SILVER
KCB,0,0,,,,0,0,0,0,,,,0,0,UPCOM,51.48,50.77,51.12,2026-10-08T14:04:58+07:00,VNSTOCK_SILVER
KAI,0,0,,,,0,0,0,0,,,,0,0,UPCOM,51.48,50.77,51.12,2026-10-08T14:04:58+07:00,VNSTOCK_SILVER
JOS,0,0,,,,0,0,0,0,,,,0,0,UPCOM,51.48,50.77,51.12,2026-10-08T14:04:58+07:00,VNSTOCK_SILVER
ITS,0,0,,,,0,0,0,0,,,,0,0,UPCOM,51.48,50.77,51.12,2026-10-08T14:04:58+07:00,VNSTOCK_SILVER
ITA,0,0,,,,0,0,0,0,,,,0,0,UPCOM,51.48,50.77,51.12,2026-10-08T14:04:58+07:00,VNSTOCK_SILVER
IST,0,0,,,,0,0,0,0,,,,0,0,UPCOM,51.48,50.77,51.12,2026-10-08T14:04:58+07:00,VNSTOCK_SILVER
ISH,0,0,,,,0,0,0,0,,,,0,0,UPCOM,51.48,50.77,51.12,2026-10-08T14:04:58+07:00,VNSTOCK_SILVER
ISG,0,0,,,,0,0,0,0,,,,0,0,UPCOM,51.48,50.77,51.12,2026-10-08T14:04:58+07:00,VNSTOCK_SILVER
IRC,0,0,,,,0,0,0,0,,,,0,0,UPCOM,51.48,50.77,51.12,2026-10-08T14:04:58+07:00,VNSTOCK_SILVER
IME,0,0,,,,0,0,0,0,,,,0,0,UPCOM,51.48,50.77,51.12,2026-10-08T14:04:58+07:00,VNSTOCK_SILVER
ILS,0,0,,,,0,0,0,0,,,,0,0,UPCOM,51.48,50.77,51.12,2026-10-08T14:04:58+07:00,VNSTOCK_SILVER
ILC,0,0,,,,0,0,0,0,,,,0,0,UPCOM,51.48,50.77,51.12,2026-10-08T14:04:58+07:00,VNSTOCK_SILVER
ILA,0,0,,,,0,0,0,0,,,,0,0,UPCOM,51.48,50.77,51.12,2026-10-08T14:04:58+07:00,VNSTOCK_SILVER
IDP,0,0,,,,0,0,0,0,,,,0,0,UPCOM,51.48,50.77,51.12,2026-10-08T14:04:58+07:00,VNSTOCK_SILVER
ICN,0,0,,,,0,0,0,0,,,,0,0,UPCOM,51.48,50.77,51.12,2026-10-08T14:04:58+07:00,VNSTOCK_SILVER
LEC,0,0,,,,0,0,0,0,,,,0,0,UPCOM,51.48,50.77,51.12,2026-10-08T14:04:58+07:00,VNSTOCK_SILVER
LDW,0,0,,,,0,0,0,0,,,,0,0,UPCOM,51.48,50.77,51.12,2026-10-08T14:04:58+07:00,VNSTOCK_SILVER
LCM,0,0,,,,0,0,0,0,,,,0,0,UPCOM,51.48,50.77,51.12,2026-10-08T14:04:58+07:00,VNSTOCK_SILVER
LAW,0,0,,,,0,0,0,0,,,,0,0,UPCOM,51.48,50.77,51.12,2026-10-08T14:04:58+07:00,VNSTOCK_SILVER
LAI,0,0,,,,0,0,0,0,,,,0,0,UPCOM,51.48,50.77,51.12,2026-10-08T14:04:58+07:00,VNSTOCK_SILVER
KVC,0,0,,,,0,0,0,0,,,,0,0,UPCOM,51.48,50.77,51.12,2026-10-08T14:04:58+07:00,VNSTOCK_SILVER
KTT,0,0,,,,0,0,0,0,,,,0,0,UPCOM,51.48,50.77,51.12,2026-10-08T14:04:58+07:00,VNSTOCK_SILVER
KTC,0,0,,,,0,0,0,0,,,,0,0,UPCOM,51.48,50.77,51.12,2026-10-08T14:04:58+07:00,VNSTOCK_SILVER
KSQ,0,0,,,,0,0,0,0,,,,0,0,UPCOM,51.48,50.77,51.12,2026-10-08T14:04:58+07:00,VNSTOCK_SILVER
KPF,0,0,,,,0,0,0,0,,,,0,0,UPCOM,51.48,50.77,51.12,2026-10-08T14:04:58+07:00,VNSTOCK_SILVER
KIP,0,0,,,,0,0,0,0,,,,0,0,UPCOM,51.48,50.77,51.12,2026-10-08T14:04:58+07:00,VNSTOCK_SILVER
KHX,0,0,,,,0,0,0,0,,,,0,0,UPCOM,51.48,50.77,51.12,2026-10-08T14:04:58+07:00,VNSTOCK_SILVER
KHW,0,0,,,,0,0,0,0,,,,0,0,UPCOM,51.48,50.77,51.12,2026-10-08T14:04:58+07:00,VNSTOCK_SILVER
KHD,0,0,,,,0,0,0,0,,,,0,0,UPCOM,51.48,50.77,51.12,2026-10-08T14:04:58+07:00,VNSTOCK_SILVER
KGM,0,0,,,,0,0,0,0,,,,0,0,UPCOM,51.48,50.77,51.12,2026-10-08T14:04:58+07:00,VNSTOCK_SILVER
MDA,0,0,,,,0,0,0,0,,,,0,0,UPCOM,51.48,50.77,51.12,2026-10-08T14:04:58+07:00,VNSTOCK_SILVER
MCG,0,0,,,,0,0,0,0,,,,0,0,UPCOM,51.48,50.77,51.12,2026-10-08T14:04:58+07:00,VNSTOCK_SILVER
MBT,0,0,,,,0,0,0,0,,,,0,0,UPCOM,51.48,50.77,51.12,2026-10-08T14:04:58+07:00,VNSTOCK_SILVER
MBN,0,0,,,,0,0,0,0,,,,0,0,UPCOM,51.48,50.77,51.12,2026-10-08T14:04:58+07:00,VNSTOCK_SILVER
LUT,0,0,,,,0,0,0,0,,,,0,0,UPCOM,51.48,50.77,51.12,2026-10-08T14:04:58+07:00,VNSTOCK_SILVER
LTC,0,0,,,,0,0,0,0,,,,0,0,UPCOM,51.48,50.77,51.12,2026-10-08T14:04:58+07:00,VNSTOCK_SILVER
LSG,0,0,,,,0,0,0,0,,,,0,0,UPCOM,51.48,50.77,51.12,2026-10-08T14:04:58+07:00,VNSTOCK_SILVER
LQN,0,0,,,,0,0,0,0,,,,0,0,UPCOM,51.48,50.77,51.12,2026-10-08T14:04:58+07:00,VNSTOCK_SILVER
LPT,0,0,,,,0,0,0,0,,,,0,0,UPCOM,51.48,50.77,51.12,2026-10-08T14:04:58+07:00,VNSTOCK_SILVER
LNC,0,0,,,,0,0,0,0,,,,0,0,UPCOM,51.48,50.77,51.12,2026-10-08T14:04:58+07:00,VNSTOCK_SILVER
LMI,0,0,,,,0,0,0,0,,,,0,0,UPCOM,51.48,50.77,51.12,2026-10-08T14:04:58+07:00,VNSTOCK_SILVER
LMH,0,0,,,,0,0,0,0,,,,0,0,UPCOM,51.48,50.77,51.12,2026-10-08T14:04:58+07:00,VNSTOCK_SILVER
LMC,0,0,,,,0,0,0,0,,,,0,0,UPCOM,51.48,50.77,51.12,2026-10-08T14:04:58+07:00,VNSTOCK_SILVER
LLM,0,0,,,,0,0,0,0,,,,0,0,UPCOM,51.48,50.77,51.12,2026-10-08T14:04:58+07:00,VNSTOCK_SILVER
LKW,0,0,,,,0,0,0,0,,,,0,0,UPCOM,51.48,50.77,51.12,2026-10-08T14:04:58+07:00,VNSTOCK_SILVER
LIC,0,0,,,,0,0,0,0,,,,0,0,UPCOM,51.48,50.77,51.12,2026-10-08T14:04:58+07:00,VNSTOCK_SILVER
MND,0,0,,,,0,0,0,0,,,,0,0,UPCOM,51.48,50.77,51.12,2026-10-08T14:04:58+07:00,VNSTOCK_SILVER
MNB,0,0,,,,0,0,0,0,,,,0,0,UPCOM,51.48,50.77,51.12,2026-10-08T14:04:58+07:00,VNSTOCK_SILVER
MLS,0,0,,,,0,0,0,0,,,,0,0,UPCOM,51.48,50.77,51.12,2026-10-08T14:04:58+07:00,VNSTOCK_SILVER
MLC,0,0,,,,0,0,0,0,,,,0,0,UPCOM,51.48,50.77,51.12,2026-10-08T14:04:58+07:00,VNSTOCK_SILVER
MKP,0,0,,,,0,0,0,0,,,,0,0,UPCOM,51.48,50.77,51.12,2026-10-08T14:04:58+07:00,VNSTOCK_SILVER
MIE,0,0,,,,0,0,0,0,,,,0,0,UPCOM,51.48,50.77,51.12,2026-10-08T14:04:58+07:00,VNSTOCK_SILVER
MHL,0,0,,,,0,0,0,0,,,,0,0,UPCOM,51.48,50.77,51.12,2026-10-08T14:04:58+07:00,VNSTOCK_SILVER
MGR,0,0,,,,0,0,0,0,,,,0,0,UPCOM,51.48,50.77,51.12,2026-10-08T14:04:58+07:00,VNSTOCK_SILVER
MGG,0,0,,,,0,0,0,0,,,,0,0,UPCOM,51.48,50.77,51.12,2026-10-08T14:04:58+07:00,VNSTOCK_SILVER
MGC,0,0,,,,0,0,0,0,,,,0,0,UPCOM,51.48,50.77,51.12,2026-10-08T14:04:58+07:00,VNSTOCK_SILVER
MES,0,0,,,,0,0,0,0,,,,0,0,UPCOM,51.48,50.77,51.12,2026-10-08T14:04:58+07:00,VNSTOCK_SILVER
MEF,0,0,,,,0,0,0,0,,,,0,0,UPCOM,51.48,50.77,51.12,2026-10-08T14:04:58+07:00,VNSTOCK_SILVER
MEC,0,0,,,,0,0,0,0,,,,0,0,UPCOM,51.48,50.77,51.12,2026-10-08T14:04:58+07:00,VNSTOCK_SILVER
MDF,0,0,,,,0,0,0,0,,,,0,0,UPCOM,51.48,50.77,51.12,2026-10-08T14:04:58+07:00,VNSTOCK_SILVER
MVC,0,0,,,,0,0,0,0,,,,0,0,UPCOM,51.48,50.77,51.12,2026-10-08T14:04:58+07:00,VNSTOCK_SILVER
MTV,0,0,,,,0,0,0,0,,,,0,0,UPCOM,51.48,50.77,51.12,2026-10-08T14:04:58+07:00,VNSTOCK_SILVER
MTS,0,0,,,,0,0,0,0,,,,0,0,UPCOM,51.48,50.77,51.12,2026-10-08T14:04:58+07:00,VNSTOCK_SILVER
MTP,0,0,,,,0,0,0,0,,,,0,0,UPCOM,51.48,50.77,51.12,2026-10-08T14:04:58+07:00,VNSTOCK_SILVER
MTL,0,0,,,,0,0,0,0,,,,0,0,UPCOM,51.48,50.77,51.12,2026-10-08T14:04:58+07:00,VNSTOCK_SILVER
MTH,0,0,,,,0,0,0,0,,,,0,0,UPCOM,51.48,50.77,51.12,2026-10-08T14:04:58+07:00,VNSTOCK_SILVER
MTG,0,0,,,,0,0,0,0,,,,0,0,UPCOM,51.48,50.77,51.12,2026-10-08T14:04:58+07:00,VNSTOCK_SILVER
MTB,0,0,,,,0,0,0,0,,,,0,0,UPCOM,51.48,50.77,51.12,2026-10-08T14:04:58+07:00,VNSTOCK_SILVER
MRF,0,0,,,,0,0,0,0,,,,0,0,UPCOM,51.48,50.77,51.12,2026-10-08T14:04:58+07:00,VNSTOCK_SILVER
MQN,0,0,,,,0,0,0,0,,,,0,0,UPCOM,51.48,50.77,51.12,2026-10-08T14:04:58+07:00,VNSTOCK_SILVER
MQB,0,0,,,,0,0,0,0,,,,0,0,UPCOM,51.48,50.77,51.12,2026-10-08T14:04:58+07:00,VNSTOCK_SILVER
MPY,0,0,,,,0,0,0,0,,,,0,0,UPCOM,51.48,50.77,51.12,2026-10-08T14:04:58+07:00,VNSTOCK_SILVER
MPT,0,0,,,,0,0,0,0,,,,0,0,UPCOM,51.48,50.77,51.12,2026-10-08T14:04:58+07:00,VNSTOCK_SILVER
VTQ,0,0,,,,0,0,0,0,,,,0,0,UPCOM,51.48,50.77,51.12,2026-10-08T14:04:58+07:00,VNSTOCK_SILVER
PSB,0,0,,,,0,0,0,0,,,,0,0,UPCOM,51.48,50.77,51.12,2026-10-08T14:04:58+07:00,VNSTOCK_SILVER
PRT,0,0,,,,0,0,0,0,,,,0,0,UPCOM,51.48,50.77,51.12,2026-10-08T14:04:58+07:00,VNSTOCK_SILVER
PRO,0,0,,,,0,0,0,0,,,,0,0,UPCOM,51.48,50.77,51.12,2026-10-08T14:04:58+07:00,VNSTOCK_SILVER
PQN,0,0,,,,0,0,0,0,,,,0,0,UPCOM,51.48,50.77,51.12,2026-10-08T14:04:58+07:00,VNSTOCK_SILVER
PPI,0,0,,,,0,0,0,0,,,,0,0,UPCOM,51.48,50.77,51.12,2026-10-08T14:04:58+07:00,VNSTOCK_SILVER
PPH,0,0,,,,0,0,0,0,,,,0,0,UPCOM,51.48,50.77,51.12,2026-10-08T14:04:58+07:00,VNSTOCK_SILVER
POV,0,0,,,,0,0,0,0,,,,0,0,UPCOM,51.48,50.77,51.12,2026-10-08T14:04:58+07:00,VNSTOCK_SILVER
POS,0,0,,,,0,0,0,0,,,,0,0,UPCOM,51.48,50.77,51.12,2026-10-08T14:04:58+07:00,VNSTOCK_SILVER
POM,0,0,,,,0,-24100,0,0,,,,0,0,UPCOM,51.48,50.77,51.12,2026-10-08T14:04:58+07:00,VNSTOCK_SILVER
POB,0,0,,,,0,0,0,0,,,,0,0,UPCOM,51.48,50.77,51.12,2026-10-08T14:04:58+07:00,VNSTOCK_SILVER
PNT,0,0,,,,0,0,0,0,,,,0,0,UPCOM,51.48,50.77,51.12,2026-10-08T14:04:58+07:00,VNSTOCK_SILVER
PNP,0,0,,,,0,0,0,0,,,,0,0,UPCOM,51.48,50.77,51.12,2026-10-08T14:04:58+07:00,VNSTOCK_SILVER
PNG,0,0,,,,0,0,0,0,,,,0,0,UPCOM,51.48,50.77,51.12,2026-10-08T14:04:58+07:00,VNSTOCK_SILVER
PND,0,0,,,,0,0,0,0,,,,0,0,UPCOM,51.48,50.77,51.12,2026-10-08T14:04:58+07:00,VNSTOCK_SILVER
PMW,0,0,,,,0,0,0,0,,,,0,0,UPCOM,51.48,50.77,51.12,2026-10-08T14:04:58+07:00,VNSTOCK_SILVER
PMT,0,0,,,,0,0,0,0,,,,0,0,UPCOM,51.48,50.77,51.12,2026-10-08T14:04:58+07:00,VNSTOCK_SILVER
NGC,0,0,,,,0,0,0,0,,,,0,0,UPCOM,51.48,50.77,51.12,2026-10-08T14:04:58+07:00,VNSTOCK_SILVER
NED,0,0,,,,0,0,0,0,,,,0,0,UPCOM,51.48,50.77,51.12,2026-10-08T14:04:58+07:00,VNSTOCK_SILVER
NDW,0,0,,,,0,0,0,0,,,,0,0,UPCOM,51.48,50.77,51.12,2026-10-08T14:04:58+07:00,VNSTOCK_SILVER
NDT,0,0,,,,0,0,0,0,,,,0,0,UPCOM,51.48,50.77,51.12,2026-10-08T14:04:58+07:00,VNSTOCK_SILVER
NDP,0,0,,,,0,0,0,0,,,,0,0,UPCOM,51.48,50.77,51.12,2026-10-08T14:04:58+07:00,VNSTOCK_SILVER
NDF,0,0,,,,0,0,0,0,,,,0,0,UPCOM,51.48,50.77,51.12,2026-10-08T14:04:58+07:00,VNSTOCK_SILVER
NBT,0,0,,,,0,0,0,0,,,,0,0,UPCOM,51.48,50.77,51.12,2026-10-08T14:04:58+07:00,VNSTOCK_SILVER
NBE,0,0,,,,0,0,0,0,,,,0,0,UPCOM,51.48,50.77,51.12,2026-10-08T14:04:58+07:00,VNSTOCK_SILVER
NAW,0,0,,,,0,0,0,0,,,,0,0,UPCOM,51.48,50.77,51.12,2026-10-08T14:04:58+07:00,VNSTOCK_SILVER
NAU,0,0,,,,0,0,0,0,,,,0,0,UPCOM,51.48,50.77,51.12,2026-10-08T14:04:58+07:00,VNSTOCK_SILVER
NAS,0,0,,,,0,0,0,0,,,,0,0,UPCOM,51.48,50.77,51.12,2026-10-08T14:04:58+07:00,VNSTOCK_SILVER
NAC,0,0,,,,0,0,0,0,,,,0,0,UPCOM,51.48,50.77,51.12,2026-10-08T14:04:58+07:00,VNSTOCK_SILVER
NVP,0,0,,,,0,0,0,0,,,,0,0,UPCOM,51.48,50.77,51.12,2026-10-08T14:04:58+07:00,VNSTOCK_SILVER
NUE,0,0,,,,0,0,0,0,,,,0,0,UPCOM,51.48,50.77,51.12,2026-10-08T14:04:58+07:00,VNSTOCK_SILVER
NTW,0,0,,,,0,0,0,0,,,,0,0,UPCOM,51.48,50.77,51.12,2026-10-08T14:04:58+07:00,VNSTOCK_SILVER
NTT,0,0,,,,0,0,0,0,,,,0,0,UPCOM,51.48,50.77,51.12,2026-10-08T14:04:58+07:00,VNSTOCK_SILVER
NTF,0,0,,,,0,0,0,0,,,,0,0,UPCOM,51.48,50.77,51.12,2026-10-08T14:04:58+07:00,VNSTOCK_SILVER
NSS,0,0,,,,0,0,0,0,,,,0,0,UPCOM,51.48,50.77,51.12,2026-10-08T14:04:58+07:00,VNSTOCK_SILVER
NSL,0,0,,,,0,0,0,0,,,,0,0,UPCOM,51.48,50.77,51.12,2026-10-08T14:04:58+07:00,VNSTOCK_SILVER
NSG,0,0,,,,0,0,0,0,,,,0,0,UPCOM,51.48,50.77,51.12,2026-10-08T14:04:58+07:00,VNSTOCK_SILVER
NQN,0,0,,,,0,0,0,0,,,,0,0,UPCOM,51.48,50.77,51.12,2026-10-08T14:04:58+07:00,VNSTOCK_SILVER
NQB,0,0,,,,0,0,0,0,,,,0,0,UPCOM,51.48,50.77,51.12,2026-10-08T14:04:58+07:00,VNSTOCK_SILVER
NOS,0,0,,,,0,0,0,0,,,,0,0,UPCOM,51.48,50.77,51.12,2026-10-08T14:04:58+07:00,VNSTOCK_SILVER
VTG,0,0,,,,0,0,0,0,,,,0,0,UPCOM,51.48,50.77,51.12,2026-10-08T14:04:58+07:00,VNSTOCK_SILVER
NLS,0,0,,,,0,0,0,0,,,,0,0,UPCOM,51.48,50.77,51.12,2026-10-08T14:04:58+07:00,VNSTOCK_SILVER
NJC,0,0,,,,0,0,0,0,,,,0,0,UPCOM,51.48,50.77,51.12,2026-10-08T14:04:58+07:00,VNSTOCK_SILVER
NHV,0,0,,,,0,0,0,0,,,,0,0,UPCOM,51.48,50.77,51.12,2026-10-08T14:04:58+07:00,VNSTOCK_SILVER
NHD,0,0,,,,0,0,0,0,,,,0,0,UPCOM,51.48,50.77,51.12,2026-10-08T14:04:58+07:00,VNSTOCK_SILVER
PCM,0,0,,,,0,0,0,0,,,,0,0,UPCOM,51.48,50.77,51.12,2026-10-08T14:04:58+07:00,VNSTOCK_SILVER
ACG,0,0,,,,0,100,0,0,,,,0,0,HOSE,51.48,50.77,51.12,2026-10-08T14:04:58+07:00,VNSTOCK_SILVER
PCF,0,0,,,,0,0,0,0,,,,0,0,UPCOM,51.48,50.77,51.12,2026-10-08T14:04:58+07:00,VNSTOCK_SILVER
PCC,0,0,,,,0,0,0,0,,,,0,0,UPCOM,51.48,50.77,51.12,2026-10-08T14:04:58+07:00,VNSTOCK_SILVER
PCB,0,0,,,,0,0,0,0,,,,0,0,UPCOM,51.48,50.77,51.12,2026-10-08T14:04:58+07:00,VNSTOCK_SILVER
PBT,0,0,,,,0,0,0,0,,,,0,0,UPCOM,51.48,50.77,51.12,2026-10-08T14:04:58+07:00,VNSTOCK_SILVER
PBC,0,0,,,,0,0,0,0,,,,0,0,UPCOM,51.48,50.77,51.12,2026-10-08T14:04:58+07:00,VNSTOCK_SILVER
PAS,0,0,,,,0,0,0,0,,,,0,0,UPCOM,51.48,50.77,51.12,2026-10-08T14:04:58+07:00,VNSTOCK_SILVER
PAP,0,0,,,,0,0,0,0,,,,0,0,UPCOM,51.48,50.77,51.12,2026-10-08T14:04:58+07:00,VNSTOCK_SILVER
PAI,0,0,,,,0,0,0,0,,,,0,0,UPCOM,51.48,50.77,51.12,2026-10-08T14:04:58+07:00,VNSTOCK_SILVER
ONW,0,0,,,,0,0,0,0,,,,0,0,UPCOM,51.48,50.77,51.12,2026-10-08T14:04:58+07:00,VNSTOCK_SILVER
ODE,0,0,,,,0,0,0,0,,,,0,0,UPCOM,51.48,50.77,51.12,2026-10-08T14:04:58+07:00,VNSTOCK_SILVER
NXT,0,0,,,,0,0,0,0,,,,0,0,UPCOM,51.48,50.77,51.12,2026-10-08T14:04:58+07:00,VNSTOCK_SILVER
NWT,0,0,,,,0,0,0,0,,,,0,0,UPCOM,51.48,50.77,51.12,2026-10-08T14:04:58+07:00,VNSTOCK_SILVER
AFX,0,0,,,,0,0,0,0,,,,0,0,HOSE,51.48,50.77,51.12,2026-10-08T14:04:58+07:00,VNSTOCK_SILVER
ADS,0,0,,,,0,0,0,0,,,,0,0,HOSE,51.48,50.77,51.12,2026-10-08T14:04:58+07:00,VNSTOCK_SILVER
ADP,0,0,,,,0,0,0,0,,,,0,0,HOSE,51.48,50.77,51.12,2026-10-08T14:04:58+07:00,VNSTOCK_SILVER
ADG,0,0,,,,200,200,0,0,,,,0,0,HOSE,51.48,50.77,51.12,2026-10-08T14:04:58+07:00,VNSTOCK_SILVER
VTM,0,0,,,,0,0,0,0,,,,0,0,UPCOM,51.48,50.77,51.12,2026-10-08T14:04:58+07:00,VNSTOCK_SILVER
VTE,0,0,,,,0,0,0,0,,,,0,0,UPCOM,51.48,50.77,51.12,2026-10-08T14:04:58+07:00,VNSTOCK_SILVER
VTD,0,0,,,,0,0,0,0,,,,0,0,UPCOM,51.48,50.77,51.12,2026-10-08T14:04:58+07:00,VNSTOCK_SILVER
VTA,0,0,,,,0,0,0,0,,,,0,0,UPCOM,51.48,50.77,51.12,2026-10-08T14:04:58+07:00,VNSTOCK_SILVER
VST,0,0,,,,0,0,0,0,,,,0,0,UPCOM,51.48,50.77,51.12,2026-10-08T14:04:58+07:00,VNSTOCK_SILVER
VSN,0,0,,,,0,0,0,0,,,,0,0,UPCOM,51.48,50.77,51.12,2026-10-08T14:04:58+07:00,VNSTOCK_SILVER
XMP,0,0,,,,0,0,0,0,,,,0,0,UPCOM,51.48,50.77,51.12,2026-10-08T14:04:58+07:00,VNSTOCK_SILVER
XMD,0,0,,,,0,0,0,0,,,,0,0,UPCOM,51.48,50.77,51.12,2026-10-08T14:04:58+07:00,VNSTOCK_SILVER
XMC,0,0,,,,0,0,0,0,,,,0,0,UPCOM,51.48,50.77,51.12,2026-10-08T14:04:58+07:00,VNSTOCK_SILVER
XLV,0,0,,,,0,0,0,0,,,,0,0,UPCOM,51.48,50.77,51.12,2026-10-08T14:04:58+07:00,VNSTOCK_SILVER
XHC,0,0,,,,0,0,0,0,,,,0,0,UPCOM,51.48,50.77,51.12,2026-10-08T14:04:58+07:00,VNSTOCK_SILVER
XDH,0,0,,,,0,0,0,0,,,,0,0,UPCOM,51.48,50.77,51.12,2026-10-08T14:04:58+07:00,VNSTOCK_SILVER
WTC,0,0,,,,0,0,0,0,,,,0,0,UPCOM,51.48,50.77,51.12,2026-10-08T14:04:58+07:00,VNSTOCK_SILVER
VXT,0,0,,,,0,0,0,0,,,,0,0,UPCOM,51.48,50.77,51.12,2026-10-08T14:04:58+07:00,VNSTOCK_SILVER
VXP,0,0,,,,0,0,0,0,,,,0,0,UPCOM,51.48,50.77,51.12,2026-10-08T14:04:58+07:00,VNSTOCK_SILVER
VXB,0,0,,,,0,0,0,0,,,,0,0,UPCOM,51.48,50.77,51.12,2026-10-08T14:04:58+07:00,VNSTOCK_SILVER
VWS,0,0,,,,0,0,0,0,,,,0,0,UPCOM,51.48,50.77,51.12,2026-10-08T14:04:58+07:00,VNSTOCK_SILVER
VVN,0,0,,,,0,0,0,0,,,,0,0,UPCOM,51.48,50.77,51.12,2026-10-08T14:04:58+07:00,VNSTOCK_SILVER
VUA,0,0,,,,0,0,0,0,,,,0,0,UPCOM,51.48,50.77,51.12,2026-10-08T14:04:58+07:00,VNSTOCK_SILVER
VTX,0,0,,,,0,0,0,0,,,,0,0,UPCOM,51.48,50.77,51.12,2026-10-08T14:04:58+07:00,VNSTOCK_SILVER
XPH,0,0,,,,0,0,0,0,,,,0,0,UPCOM,51.48,50.77,51.12,2026-10-08T14:04:58+07:00,VNSTOCK_SILVER
ASG,0,0,,,,0,0,0,0,,,,0,0,HOSE,51.48,50.77,51.12,2026-10-08T14:04:58+07:00,VNSTOCK_SILVER
VSG,0,0,,,,0,0,0,0,,,,0,0,UPCOM,51.48,50.77,51.12,2026-10-08T14:04:58+07:00,VNSTOCK_SILVER
VSF,0,0,,,,0,0,0,0,,,,0,0,UPCOM,51.48,50.77,51.12,2026-10-08T14:04:58+07:00,VNSTOCK_SILVER
VSE,0,0,,,,0,0,0,0,,,,0,0,UPCOM,51.48,50.77,51.12,2026-10-08T14:04:58+07:00,VNSTOCK_SILVER
VRG,0,0,,,,0,0,0,0,,,,0,0,UPCOM,51.48,50.77,51.12,2026-10-08T14:04:58+07:00,VNSTOCK_SILVER
VQC,0,0,,,,0,0,0,0,,,,0,0,UPCOM,51.48,50.77,51.12,2026-10-08T14:04:58+07:00,VNSTOCK_SILVER
BRC,0,0,,,,0,0,0,0,,,,0,0,HOSE,51.48,50.77,51.12,2026-10-08T14:04:58+07:00,VNSTOCK_SILVER
BKG,0,0,,,,0,0,0,0,,,,0,0,HOSE,51.48,50.77,51.12,2026-10-08T14:04:58+07:00,VNSTOCK_SILVER
VTR,0,0,,,,0,0,0,0,,,,0,0,UPCOM,51.48,50.77,51.12,2026-10-08T14:04:58+07:00,VNSTOCK_SILVER
ABS,0,0,,,,0,0,0,0,,,,0,0,HOSE,51.48,50.77,51.12,2026-10-08T14:04:58+07:00,VNSTOCK_SILVER
ACC,0,0,,,,0,0,0,0,,,,0,0,HOSE,51.48,50.77,51.12,2026-10-08T14:04:58+07:00,VNSTOCK_SILVER
PVS,6281660000,36162555900,,,,220150,1124379,-1690500000,-1260630000,,,,-50000,-33100,HNX,98.66,2.57,50.61,2026-10-08T14:04:58+07:00,VNSTOCK_SILVER
SHB,8410325000,18345645750,,,,767200,1839469,-2769557200,-1029117700,,,,-255111,-108415,HOSE,98.5,2.58,50.54,2026-10-08T14:04:58+07:00,VNSTOCK_SILVER
VPL,8989770000,96859263100,,,,112799,1216861,-2180360000,-3238910000,,,,-27300,-39700,HOSE,99.17,1.87,50.52,2026-10-08T14:04:58+07:00,VNSTOCK_SILVER
FRT,-16128674300,179875832700,,,,-106045,1245998,9905053800,-65760736200,,,,69050,-451150,HOSE,60.31,40.33,50.32,2026-10-08T14:04:58+07:00,VNSTOCK_SILVER
SAB,952736400,-14819518200,,,,20292,-351097,-252155000,16800140000,,,,-5900,387100,HOSE,40.41,60.2,50.3,2026-10-08T14:04:58+07:00,VNSTOCK_SILVER
FPT,-45374271800,-169122659700,,,,-770940,-2804948,123151940000,277160520000,,,,1891700,4326100,HOSE,0.66,99.91,50.28,2026-10-08T14:04:58+07:00,VNSTOCK_SILVER
HPG,13631339500,-97039387500,,,,639840,-4750621,-72663475000,86778617500,,,,-3373800,4400350,HOSE,40.53,59.83,50.18,2026-10-08T14:04:58+07:00,VNSTOCK_SILVER
MWG,152347261200,161536170500,,,,11368,-9017,-19781904800,-80567811500,,,,-258584,-1005261,HOSE,99.74,0.53,50.14,2026-10-08T14:04:58+07:00,VNSTOCK_SILVER
VIC,70301605900,-255936541000,,,,302054,-1167556,-31786290000,55515030000,,,,-138000,241800,HOSE,40.33,59.79,50.06,2026-10-08T14:04:58+07:00,VNSTOCK_SILVER
VRE,1154520000,-32016092500,,,,37000,-1356735,-3867670000,7544185000,,,,-165100,312100,HOSE,40.21,59.44,49.82,2026-10-08T14:04:58+07:00,VNSTOCK_SILVER
VNM,6472732900,-115417466500,,,,99518,-1977206,-13796670000,11375045700,,,,-237900,176100,HOSE,40.21,59.33,49.77,2026-10-08T14:04:58+07:00,VNSTOCK_SILVER
MCH,16483390000,20869599200,,,,113100,138058,-45596900000,-46551090000,,,,-321400,-328200,HOSE,98.8,0.59,49.7,2026-10-08T14:04:58+07:00,VNSTOCK_SILVER
MBB,10545061000,17549730900,,,,551552,967311,-4402415000,-70971055000,,,,-233950,-3682650,HOSE,98.54,0.86,49.7,2026-10-08T14:04:58+07:00,VNSTOCK_SILVER
VJC,7301220000,-761718350300,,,,64700,-6239021,-8688920000,15095274800,,,,-68300,112600,HOSE,39.69,59.57,49.63,2026-10-08T14:04:58+07:00,VNSTOCK_SILVER
BMP,289554600,693922900,,,,2021,4485,-113240000,-72930000,,,,-800,-600,HOSE,94.83,3.8,49.32,2026-10-08T14:04:58+07:00,VNSTOCK_SILVER
LPB,1393130000,11064481850,,,,25000,304646,-12879090500,-211513532000,,,,-305230,-4111504,HOSE,97.59,0.51,49.05,2026-10-08T14:04:58+07:00,VNSTOCK_SILVER
PGC,19950000,-2912600,,,,3100,584,0,0,,,,0,0,HOSE,47.31,50.77,49.04,2026-10-08T14:04:58+07:00,VNSTOCK_SILVER
ASP,6555000,-3630000,,,,1700,1100,0,0,,,,0,0,HOSE,46.68,50.77,48.72,2026-10-08T14:04:58+07:00,VNSTOCK_SILVER
PHP,115770000,3719220000,,,,2200,78200,-789820000,-6131220000,,,,-15400,-125400,UPCOM,95.62,1.76,48.69,2026-10-08T14:04:58+07:00,VNSTOCK_SILVER
TDC,0,1767000,,,,300,300,0,-270490,,,,0,-40,HOSE,72.68,23.73,48.21,2026-10-08T14:04:58+07:00,VNSTOCK_SILVER
HVH,199560000,-87155000,,,,19300,-7900,0,0,,,,0,0,HOSE,43.95,50.77,47.36,2026-10-08T14:04:58+07:00,VNSTOCK_SILVER
CSV,334950000,-508755000,,,,15400,-26800,0,0,,,,0,0,HOSE,42.67,50.77,46.72,2026-10-08T14:04:58+07:00,VNSTOCK_SILVER
CTI,239130000,-493295000,,,,21200,-21200,0,0,,,,0,0,HOSE,42.56,50.77,46.67,2026-10-08T14:04:58+07:00,VNSTOCK_SILVER
HPA,71045000,-408250000,,,,2800,-21200,0,0,,,,0,0,HOSE,42.2,50.77,46.48,2026-10-08T14:04:58+07:00,VNSTOCK_SILVER
FMC,3420000,-226540000,,,,0,-5000,0,0,,,,0,0,HOSE,42.04,50.77,46.4,2026-10-08T14:04:58+07:00,VNSTOCK_SILVER
SHI,122955000,-678305000,,,,9000,-49000,0,0,,,,0,0,HOSE,41.9,50.77,46.34,2026-10-08T14:04:58+07:00,VNSTOCK_SILVER
FCN,201115000,-981418000,,,,21300,-86400,0,0,,,,0,0,HOSE,41.84,50.77,46.31,2026-10-08T14:04:58+07:00,VNSTOCK_SILVER
VHC,12222410000,-8120318900,,,,227900,-166909,0,0,,,,0,0,HOSE,41.66,50.77,46.22,2026-10-08T14:04:58+07:00,VNSTOCK_SILVER
KHG,11068000,-561470000,,,,12900,-105900,0,0,,,,0,0,HOSE,41.4,50.77,46.08,2026-10-08T14:04:58+07:00,VNSTOCK_SILVER
CTF,69340000,-900795000,,,,13400,-41000,0,0,,,,0,0,HOSE,41.4,50.77,46.08,2026-10-08T14:04:58+07:00,VNSTOCK_SILVER
ABI,9650000,-546970000,,,,3500,-25800,0,0,,,,0,0,UPCOM,41.3,50.77,46.04,2026-10-08T14:04:58+07:00,VNSTOCK_SILVER
ELC,87285000,-1632412000,,,,6300,-119125,0,0,,,,0,0,HOSE,41.01,50.77,45.89,2026-10-08T14:04:58+07:00,VNSTOCK_SILVER
LPS,100380000,-1911920000,,,,12500,-96200,0,0,,,,0,0,HOSE,40.96,50.77,45.86,2026-10-08T14:04:58+07:00,VNSTOCK_SILVER
TDP,102600000,-2276930000,,,,8600,-78400,0,0,,,,0,0,HOSE,40.76,50.77,45.76,2026-10-08T14:04:58+07:00,VNSTOCK_SILVER
SAM,-774000,-51907000,,,,-7029,-15289,0,25400293000,,,,0,4125100,HOSE,9.49,79.83,44.66,2026-10-08T14:04:58+07:00,VNSTOCK_SILVER
VBB,-2615000,-916968000,,,,-100,-70220,0,26682000000,,,,0,1778800,HOSE,6.61,79.91,43.26,2026-10-08T14:04:58+07:00,VNSTOCK_SILVER
NVB,-31250000,-2047332600,,,,12300,-73900,0,740525400,,,,0,53442,HNX,5.51,78.84,42.18,2026-10-08T14:04:58+07:00,VNSTOCK_SILVER
HHP,-186789000,-3158416400,,,,-11340,-137978,0,13600000000,,,,0,800000,HOSE,4.75,79.49,42.12,2026-10-08T14:04:58+07:00,VNSTOCK_SILVER
CTD,1177220000,-3163486800,,,,17900,-59700,190380000,-187311800,,,,3000,-3600,HOSE,41.74,42.23,41.98,2026-10-08T14:04:58+07:00,VNSTOCK_SILVER
SCS,-304130000,-1405572000,,,,-6900,-31480,0,42610000,,,,0,900,HOSE,5.21,78.16,41.68,2026-10-08T14:04:58+07:00,VNSTOCK_SILVER
VPI,-1066060000,41812493500,,,,-20500,701552,0,-988140000,,,,0,-16900,HOSE,60.69,22.4,41.54,2026-10-08T14:04:58+07:00,VNSTOCK_SILVER
MSH,-105871400,-5170436400,,,,-3442,-171942,0,26970000,,,,0,900,HOSE,4.25,78.07,41.16,2026-10-08T14:04:58+07:00,VNSTOCK_SILVER
PVD,-11848230000,17358568400,,,,-618700,960542,0,-376227150,,,,0,-21879,HOSE,59.31,22.83,41.07,2026-10-08T14:04:58+07:00,VNSTOCK_SILVER
NKG,-634884000,983874000,,,,-69400,95200,0,-12416690,,,,0,-1259,HOSE,58.37,23.43,40.9,2026-10-08T14:04:58+07:00,VNSTOCK_SILVER
TCR,0,-2200,,,,0,-1,0,0,,,,0,0,HOSE,30.75,50.77,40.76,2026-10-08T14:04:58+07:00,VNSTOCK_SILVER
SHE,0,-61600,,,,0,-11,0,0,,,,0,0,HNX,30.71,50.77,40.74,2026-10-08T14:04:58+07:00,VNSTOCK_SILVER
ABR,0,-105000,,,,0,-10,0,0,,,,0,0,HOSE,30.66,50.77,40.72,2026-10-08T14:04:58+07:00,VNSTOCK_SILVER
BLF,0,-220000,,,,0,-88,0,0,,,,0,0,UPCOM,30.62,50.77,40.7,2026-10-08T14:04:58+07:00,VNSTOCK_SILVER
RIC,0,-512600,,,,0,-98,0,0,,,,0,0,UPCOM,30.54,50.77,40.66,2026-10-08T14:04:58+07:00,VNSTOCK_SILVER
HCD,0,-609000,,,,0,-100,0,0,,,,0,0,HOSE,30.49,50.77,40.63,2026-10-08T14:04:58+07:00,VNSTOCK_SILVER
PVG,0,-652200,,,,0,-109,0,0,,,,0,0,HNX,30.45,50.77,40.61,2026-10-08T14:04:58+07:00,VNSTOCK_SILVER
PPY,0,-700000,,,,0,-100,0,0,,,,0,0,HNX,30.41,50.77,40.59,2026-10-08T14:04:58+07:00,VNSTOCK_SILVER
VSC,-12783920000,-8033743050,,,,-992900,-602688,0,389000000,,,,0,30000,HOSE,2.5,78.67,40.58,2026-10-08T14:04:58+07:00,VNSTOCK_SILVER
TLG,-3674685000,-9065047600,,,,-93950,-184970,0,48410000,,,,0,900,HOSE,2.9,78.24,40.57,2026-10-08T14:04:58+07:00,VNSTOCK_SILVER
SRF,0,-800000,,,,0,-100,0,0,,,,0,0,HOSE,30.36,50.77,40.56,2026-10-08T14:04:58+07:00,VNSTOCK_SILVER
DGT,0,-940000,,,,0,-200,0,0,,,,0,0,UPCOM,30.32,50.77,40.54,2026-10-08T14:04:58+07:00,VNSTOCK_SILVER
VNG,0,-1080000,,,,0,-600,0,0,,,,0,0,HOSE,30.28,50.77,40.53,2026-10-08T14:04:58+07:00,VNSTOCK_SILVER
IDC,-1646070000,12381401100,,,,-36900,376224,0,-7900790000,,,,0,-234600,HNX,59.83,21.2,40.52,2026-10-08T14:04:58+07:00,VNSTOCK_SILVER
VTH,0,-1097600,,,,0,-98,0,0,,,,0,0,HNX,30.24,50.77,40.51,2026-10-08T14:04:58+07:00,VNSTOCK_SILVER
PMG,0,-1120000,,,,0,-200,0,0,,,,0,0,HOSE,30.19,50.77,40.48,2026-10-08T14:04:58+07:00,VNSTOCK_SILVER
BHN,0,-1355000,,,,0,-550,0,0,,,,0,0,HOSE,30.15,50.77,40.46,2026-10-08T14:04:58+07:00,VNSTOCK_SILVER
APP,0,-1600000,,,,0,-400,0,0,,,,0,0,UPCOM,30.11,50.77,40.44,2026-10-08T14:04:58+07:00,VNSTOCK_SILVER
GEX,-6084701400,29506488900,,,,-266156,1162957,0,-33476695000,,,,0,-1366000,HOSE,59.81,20.94,40.38,2026-10-08T14:04:58+07:00,VNSTOCK_SILVER
AMV,0,-1713700,,,,0,-1467,0,0,,,,0,0,HNX,29.98,50.77,40.38,2026-10-08T14:04:58+07:00,VNSTOCK_SILVER
IDV,0,-2160000,,,,0,-100,0,0,,,,0,0,HNX,29.94,50.77,40.36,2026-10-08T14:04:58+07:00,VNSTOCK_SILVER
VCI,-34936290000,-98758779350,,,,-1837800,-5099269,0,18394120000,,,,0,930200,HOSE,0.97,79.7,40.34,2026-10-08T14:04:58+07:00,VNSTOCK_SILVER
WSS,0,-2400000,,,,-900,-1300,0,0,,,,0,0,HNX,29.85,50.77,40.31,2026-10-08T14:04:58+07:00,VNSTOCK_SILVER
SIP,-5058545000,-11815043700,,,,-103900,-242424,0,24945000,,,,0,500,HOSE,2.64,77.94,40.29,2026-10-08T14:04:58+07:00,VNSTOCK_SILVER
ABW,0,-2940000,,,,0,-200,0,0,,,,0,0,UPCOM,29.76,50.77,40.26,2026-10-08T14:04:58+07:00,VNSTOCK_SILVER
VHL,0,-3099400,,,,0,-298,0,0,,,,0,0,HNX,29.72,50.77,40.25,2026-10-08T14:04:58+07:00,VNSTOCK_SILVER
PVC,0,-3540000,,,,0,-300,0,0,,,,0,0,HNX,29.68,50.77,40.22,2026-10-08T14:04:58+07:00,VNSTOCK_SILVER
THW,0,-3560000,,,,0,-200,0,0,,,,0,0,UPCOM,29.64,50.77,40.2,2026-10-08T14:04:58+07:00,VNSTOCK_SILVER
TSD,0,-3600000,,,,0,-1200,0,0,,,,0,0,UPCOM,29.59,50.77,40.18,2026-10-08T14:04:58+07:00,VNSTOCK_SILVER
CKG,0,-3872000,,,,0,-700,0,0,,,,0,0,HOSE,29.51,50.77,40.14,2026-10-08T14:04:58+07:00,VNSTOCK_SILVER
CNG,0,-4310000,,,,0,-400,0,0,,,,0,0,HOSE,29.42,50.77,40.1,2026-10-08T14:04:58+07:00,VNSTOCK_SILVER
GIC,0,-4560000,,,,0,-400,0,0,,,,0,0,HNX,29.38,50.77,40.08,2026-10-08T14:04:58+07:00,VNSTOCK_SILVER
TRC,0,-4600000,,,,0,-200,0,0,,,,0,0,HOSE,29.34,50.77,40.06,2026-10-08T14:04:58+07:00,VNSTOCK_SILVER
NBB,0,-4790000,,,,0,-300,0,0,,,,0,0,HOSE,29.29,50.77,40.03,2026-10-08T14:04:58+07:00,VNSTOCK_SILVER
NVL,-4109195000,-148293260780,,,,-357800,-14176929,0,76115000,,,,0,6500,HOSE,1.56,78.46,40.01,2026-10-08T14:04:58+07:00,VNSTOCK_SILVER
NRC,0,-5170000,,,,0,-1100,0,0,,,,0,0,HNX,29.21,50.77,39.99,2026-10-08T14:04:58+07:00,VNSTOCK_SILVER
SDC,0,-5340000,,,,0,-900,0,0,,,,0,0,HNX,29.16,50.77,39.97,2026-10-08T14:04:58+07:00,VNSTOCK_SILVER
CLL,0,-5420000,,,,0,-300,0,0,,,,0,0,HOSE,29.12,50.77,39.94,2026-10-08T14:04:58+07:00,VNSTOCK_SILVER
SAF,0,-5700000,,,,-900,-1000,0,0,,,,0,0,HNX,29.08,50.77,39.92,2026-10-08T14:04:58+07:00,VNSTOCK_SILVER
PXT,0,-6240000,,,,0,-5200,0,0,,,,0,0,UPCOM,28.99,50.77,39.88,2026-10-08T14:04:58+07:00,VNSTOCK_SILVER
UNI,0,-6370000,,,,0,-700,0,0,,,,0,0,HNX,28.95,50.77,39.86,2026-10-08T14:04:58+07:00,VNSTOCK_SILVER
TIP,0,-6400000,,,,0,-400,0,0,,,,0,0,HOSE,28.91,50.77,39.84,2026-10-08T14:04:58+07:00,VNSTOCK_SILVER
HAH,-23478727500,-176916547900,,,,-454158,-3421080,0,1082190000,,,,0,20900,HOSE,0.7,78.97,39.84,2026-10-08T14:04:58+07:00,VNSTOCK_SILVER
TMS,0,-6560000,,,,0,-400,0,0,,,,0,0,HOSE,28.87,50.77,39.82,2026-10-08T14:04:58+07:00,VNSTOCK_SILVER
NCS,0,-7220000,,,,0,-200,0,0,,,,0,0,UPCOM,28.82,50.77,39.8,2026-10-08T14:04:58+07:00,VNSTOCK_SILVER
SDT,0,-7607600,,,,0,-2002,0,0,,,,0,0,UPCOM,28.78,50.77,39.78,2026-10-08T14:04:58+07:00,VNSTOCK_SILVER
VGR,0,-8080000,,,,0,0,0,0,,,,0,0,UPCOM,28.74,50.77,39.76,2026-10-08T14:04:58+07:00,VNSTOCK_SILVER
VFG,0,-8457100,,,,100,-99,0,0,,,,0,0,HOSE,28.69,50.77,39.73,2026-10-08T14:04:58+07:00,VNSTOCK_SILVER
VNR,0,-9337600,,,,0,281,0,0,,,,0,0,HNX,28.61,50.77,39.69,2026-10-08T14:04:58+07:00,VNSTOCK_SILVER
PDB,0,-9500000,,,,0,-800,0,0,,,,0,0,HNX,28.57,50.77,39.67,2026-10-08T14:04:58+07:00,VNSTOCK_SILVER
VTV,0,-9770000,,,,0,-700,0,0,,,,0,0,HNX,28.52,50.77,39.65,2026-10-08T14:04:58+07:00,VNSTOCK_SILVER
CLI,0,-10000000,,,,0,-400,0,0,,,,0,0,UPCOM,28.44,50.77,39.61,2026-10-08T14:04:58+07:00,VNSTOCK_SILVER
BAB,0,-10500000,,,,0,-1000,0,0,,,,0,0,HNX,28.39,50.77,39.58,2026-10-08T14:04:58+07:00,VNSTOCK_SILVER
ANT,0,-10830000,,,,-200,-800,0,0,,,,0,0,HOSE,28.35,50.77,39.56,2026-10-08T14:04:58+07:00,VNSTOCK_SILVER
COM,0,-11440000,,,,0,-400,0,0,,,,0,0,HOSE,28.31,50.77,39.54,2026-10-08T14:04:58+07:00,VNSTOCK_SILVER
PGV,0,-11991800,,,,0,-456,0,0,,,,0,0,HOSE,28.27,50.77,39.52,2026-10-08T14:04:58+07:00,VNSTOCK_SILVER
VNE,0,-12160000,,,,0,-6400,0,0,,,,0,0,UPCOM,28.22,50.77,39.5,2026-10-08T14:04:58+07:00,VNSTOCK_SILVER
SGH,0,-14018000,,,,0,-860,0,0,,,,0,0,HNX,28.14,50.77,39.46,2026-10-08T14:04:58+07:00,VNSTOCK_SILVER
HID,0,-14221000,,,,0,-1500,0,0,,,,0,0,HOSE,28.09,50.77,39.43,2026-10-08T14:04:58+07:00,VNSTOCK_SILVER
PXS,0,-14448000,,,,0,-6020,0,0,,,,0,0,UPCOM,28.05,50.77,39.41,2026-10-08T14:04:58+07:00,VNSTOCK_SILVER
STT,0,-16640000,,,,0,-12800,0,0,,,,0,0,UPCOM,27.88,50.77,39.33,2026-10-08T14:04:58+07:00,VNSTOCK_SILVER
DMC,0,-16960000,,,,0,-400,0,0,,,,0,0,HOSE,27.84,50.77,39.3,2026-10-08T14:04:58+07:00,VNSTOCK_SILVER
SCI,0,-17690000,,,,0,-2300,0,0,,,,0,0,HNX,27.79,50.77,39.28,2026-10-08T14:04:58+07:00,VNSTOCK_SILVER
IFS,0,-20720000,,,,0,-1300,0,0,,,,0,0,UPCOM,27.75,50.77,39.26,2026-10-08T14:04:58+07:00,VNSTOCK_SILVER
CLC,0,-21560000,,,,0,-400,0,0,,,,0,0,HOSE,27.71,50.77,39.24,2026-10-08T14:04:58+07:00,VNSTOCK_SILVER
SWC,0,-23600000,,,,0,-1000,0,0,,,,0,0,UPCOM,27.67,50.77,39.22,2026-10-08T14:04:58+07:00,VNSTOCK_SILVER
SHP,0,-24860000,,,,0,-1000,0,0,,,,0,0,HOSE,27.58,50.77,39.17,2026-10-08T14:04:58+07:00,VNSTOCK_SILVER
SSC,0,-25553750,,,,0,-1303,0,0,,,,0,0,HOSE,27.54,50.77,39.16,2026-10-08T14:04:58+07:00,VNSTOCK_SILVER
VSH,0,-25648400,,,,-100,-729,0,0,,,,0,0,HOSE,27.49,50.77,39.13,2026-10-08T14:04:58+07:00,VNSTOCK_SILVER
PTI,0,-25890000,,,,0,-1500,0,0,,,,0,0,HNX,27.45,50.77,39.11,2026-10-08T14:04:58+07:00,VNSTOCK_SILVER
ITC,0,-26250000,,,,0,-3000,0,0,,,,0,0,HOSE,27.41,50.77,39.09,2026-10-08T14:04:58+07:00,VNSTOCK_SILVER
VIG,0,-26600000,,,,0,-7000,0,0,,,,0,0,HNX,27.37,50.77,39.07,2026-10-08T14:04:58+07:00,VNSTOCK_SILVER
MFS,0,-27300000,,,,0,-1000,0,0,,,,0,0,UPCOM,27.28,50.77,39.03,2026-10-08T14:04:58+07:00,VNSTOCK_SILVER
ILB,0,-28470000,,,,400,-1100,0,0,,,,0,0,HOSE,27.24,50.77,39.01,2026-10-08T14:04:58+07:00,VNSTOCK_SILVER
NDC,0,-32560000,,,,0,-200,0,0,,,,0,0,UPCOM,27.19,50.77,38.98,2026-10-08T14:04:58+07:00,VNSTOCK_SILVER
PMS,0,-34500000,,,,0,-1000,0,0,,,,0,0,HNX,27.15,50.77,38.96,2026-10-08T14:04:58+07:00,VNSTOCK_SILVER
NDN,0,-36990000,,,,0,-4400,0,0,,,,0,0,HNX,27.11,50.77,38.94,2026-10-08T14:04:58+07:00,VNSTOCK_SILVER
TIG,0,-37050000,,,,-50000,-56500,0,0,,,,0,0,HNX,27.07,50.77,38.92,2026-10-08T14:04:58+07:00,VNSTOCK_SILVER
VNB,0,-37100000,,,,0,-2000,0,0,,,,0,0,UPCOM,27.02,50.77,38.9,2026-10-08T14:04:58+07:00,VNSTOCK_SILVER
BCE,0,-37320750,,,,0,-7888,0,0,,,,0,0,HOSE,26.98,50.77,38.88,2026-10-08T14:04:58+07:00,VNSTOCK_SILVER
DRC,0,-37830000,,,,0,-3900,0,0,,,,0,0,HOSE,26.9,50.77,38.84,2026-10-08T14:04:58+07:00,VNSTOCK_SILVER
NHA,0,-40838000,,,,-1900,-7500,0,0,,,,0,0,HOSE,26.85,50.77,38.81,2026-10-08T14:04:58+07:00,VNSTOCK_SILVER
HIO,0,-44200000,,,,0,-6000,0,0,,,,0,0,UPCOM,26.72,50.77,38.75,2026-10-08T14:04:58+07:00,VNSTOCK_SILVER
HLD,0,-46230000,,,,0,-3800,0,0,,,,0,0,HNX,26.64,50.77,38.7,2026-10-08T14:04:58+07:00,VNSTOCK_SILVER
PGS,0,-49275000,,,,0,-657,0,0,,,,0,0,HNX,26.6,50.77,38.68,2026-10-08T14:04:58+07:00,VNSTOCK_SILVER
VIP,0,-50505000,,,,0,-5200,0,0,,,,0,0,HOSE,26.55,50.77,38.66,2026-10-08T14:04:58+07:00,VNSTOCK_SILVER
SBB,0,-51520000,,,,0,-2800,0,0,,,,0,0,UPCOM,26.51,50.77,38.64,2026-10-08T14:04:58+07:00,VNSTOCK_SILVER
SGR,0,-51613000,,,,0,-5600,0,0,,,,0,0,HOSE,26.47,50.77,38.62,2026-10-08T14:04:58+07:00,VNSTOCK_SILVER
HNI,0,-58000000,,,,0,-2000,0,0,,,,0,0,UPCOM,26.38,50.77,38.58,2026-10-08T14:04:58+07:00,VNSTOCK_SILVER
DXP,0,-63560000,,,,0,0,0,0,,,,0,0,HNX,26.3,50.77,38.54,2026-10-08T14:04:58+07:00,VNSTOCK_SILVER
TRA,0,-67016000,,,,0,-1810,0,0,,,,0,0,HOSE,26.21,50.77,38.49,2026-10-08T14:04:58+07:00,VNSTOCK_SILVER
NCG,0,-69960000,,,,0,-6600,0,0,,,,0,0,UPCOM,26.17,50.77,38.47,2026-10-08T14:04:58+07:00,VNSTOCK_SILVER
BMC,0,-71750000,,,,0,-7000,0,0,,,,0,0,HOSE,26.12,50.77,38.44,2026-10-08T14:04:58+07:00,VNSTOCK_SILVER
RAL,0,-73420000,,,,0,-1000,0,0,,,,0,0,HOSE,26.08,50.77,38.42,2026-10-08T14:04:58+07:00,VNSTOCK_SILVER
EVS,0,-73980000,,,,-6400,-19700,0,0,,,,0,0,HNX,26.04,50.77,38.4,2026-10-08T14:04:58+07:00,VNSTOCK_SILVER
CIA,0,-75900000,,,,-1000,-10000,0,0,,,,0,0,HNX,26.0,50.77,38.39,2026-10-08T14:04:58+07:00,VNSTOCK_SILVER
BLI,0,-78000000,,,,0,-10000,0,0,,,,0,0,UPCOM,25.95,50.77,38.36,2026-10-08T14:04:58+07:00,VNSTOCK_SILVER
NSC,0,-80380000,,,,0,-1300,0,0,,,,0,0,HOSE,25.91,50.77,38.34,2026-10-08T14:04:58+07:00,VNSTOCK_SILVER
VHG,0,-81920000,,,,0,-51200,0,0,,,,0,0,UPCOM,25.87,50.77,38.32,2026-10-08T14:04:58+07:00,VNSTOCK_SILVER
VTZ,0,-84060000,,,,-200,-4300,0,0,,,,0,0,HNX,25.82,50.77,38.3,2026-10-08T14:04:58+07:00,VNSTOCK_SILVER
NHH,0,-86583000,,,,0,-8700,0,0,,,,0,0,HOSE,25.78,50.77,38.28,2026-10-08T14:04:58+07:00,VNSTOCK_SILVER
AAS,0,-97880000,,,,0,-11500,0,0,,,,0,0,UPCOM,25.7,50.77,38.24,2026-10-08T14:04:58+07:00,VNSTOCK_SILVER
PGI,0,-98442500,,,,0,-4775,0,0,,,,0,0,HOSE,25.65,50.77,38.21,2026-10-08T14:04:58+07:00,VNSTOCK_SILVER
TMT,0,-107775000,,,,0,-9900,0,0,,,,0,0,HOSE,25.61,50.77,38.19,2026-10-08T14:04:58+07:00,VNSTOCK_SILVER
WSB,0,-118410000,,,,0,-2700,0,0,,,,0,0,UPCOM,25.52,50.77,38.15,2026-10-08T14:04:58+07:00,VNSTOCK_SILVER
PSI,0,-120540000,,,,0,-17200,0,0,,,,0,0,HNX,25.44,50.77,38.11,2026-10-08T14:04:58+07:00,VNSTOCK_SILVER
NNC,0,-141615000,,,,-100,-3800,0,0,,,,0,0,HOSE,25.35,50.77,38.06,2026-10-08T14:04:58+07:00,VNSTOCK_SILVER
WCS,0,-141630000,,,,0,-600,0,0,,,,0,0,HNX,25.31,50.77,38.04,2026-10-08T14:04:58+07:00,VNSTOCK_SILVER
MAS,0,-142140000,,,,0,-4600,0,0,,,,0,0,HNX,25.27,50.77,38.02,2026-10-08T14:04:58+07:00,VNSTOCK_SILVER
TMC,0,-146760000,,,,0,-24300,0,0,,,,0,0,HNX,25.22,50.77,38.0,2026-10-08T14:04:58+07:00,VNSTOCK_SILVER
PCH,0,-158620000,,,,0,-8600,0,0,,,,0,0,HNX,25.18,50.77,37.98,2026-10-08T14:04:58+07:00,VNSTOCK_SILVER
VCS,0,-165270800,,,,0,-5616,0,0,,,,0,0,HNX,25.14,50.77,37.96,2026-10-08T14:04:58+07:00,VNSTOCK_SILVER
LDG,0,-169675000,,,,1500,-64700,0,0,,,,0,0,HOSE,25.1,50.77,37.94,2026-10-08T14:04:58+07:00,VNSTOCK_SILVER
SJS,0,-178935700,,,,0,-3499,0,0,,,,0,0,HOSE,25.05,50.77,37.91,2026-10-08T14:04:58+07:00,VNSTOCK_SILVER
OPC,0,-239915000,,,,0,-13056,0,0,,,,0,0,HOSE,24.93,50.77,37.85,2026-10-08T14:04:58+07:00,VNSTOCK_SILVER
CRE,0,-258173000,,,,3700,-38800,0,0,,,,0,0,HOSE,24.88,50.77,37.83,2026-10-08T14:04:58+07:00,VNSTOCK_SILVER
MVN,0,-260000000,,,,0,-4000,0,0,,,,0,0,UPCOM,24.84,50.77,37.8,2026-10-08T14:04:58+07:00,VNSTOCK_SILVER
TSC,0,-314311420,,,,0,-172344,0,0,,,,0,0,HOSE,24.75,50.77,37.76,2026-10-08T14:04:58+07:00,VNSTOCK_SILVER
VFS,0,-344050000,,,,9600,-28200,0,0,,,,0,0,HNX,24.67,50.77,37.72,2026-10-08T14:04:58+07:00,VNSTOCK_SILVER
PHC,0,0,,,,0,0,0,-231160,,,,0,-66,HOSE,51.48,23.77,37.62,2026-10-08T14:04:58+07:00,VNSTOCK_SILVER
BTP,0,-439363000,,,,0,-60000,0,0,,,,0,0,HOSE,24.37,50.77,37.57,2026-10-08T14:04:58+07:00,VNSTOCK_SILVER
VCC,0,0,,,,0,0,0,-19520000,,,,0,-2100,HNX,51.48,23.34,37.41,2026-10-08T14:04:58+07:00,VNSTOCK_SILVER
DHA,0,-576360000,,,,0,-11000,0,0,,,,0,0,HOSE,24.03,50.77,37.4,2026-10-08T14:04:58+07:00,VNSTOCK_SILVER
IMP,0,-757268800,,,,0,-20948,0,0,,,,0,0,HOSE,23.9,50.77,37.34,2026-10-08T14:04:58+07:00,VNSTOCK_SILVER
KTL,0,0,,,,0,0,0,-50000000,,,,0,-2000,UPCOM,51.48,23.21,37.34,2026-10-08T14:04:58+07:00,VNSTOCK_SILVER
PIA,0,-896580000,,,,0,-30600,0,0,,,,0,0,HNX,23.77,50.77,37.27,2026-10-08T14:04:58+07:00,VNSTOCK_SILVER
HTI,0,-1050650000,,,,0,-58000,0,0,,,,0,0,HOSE,23.55,50.77,37.16,2026-10-08T14:04:58+07:00,VNSTOCK_SILVER
VAB,0,-1186003000,,,,0,-123600,0,0,,,,0,0,HOSE,23.47,50.77,37.12,2026-10-08T14:04:58+07:00,VNSTOCK_SILVER
TNH,0,-1405686970,,,,-2000,-233422,0,0,,,,0,0,HOSE,23.3,50.77,37.04,2026-10-08T14:04:58+07:00,VNSTOCK_SILVER
SJD,0,-1653900000,,,,0,-118900,0,0,,,,0,0,HOSE,23.21,50.77,36.99,2026-10-08T14:04:58+07:00,VNSTOCK_SILVER
DRI,0,-2659060000,,,,-900,-148700,0,0,,,,0,0,UPCOM,22.78,50.77,36.78,2026-10-08T14:04:58+07:00,VNSTOCK_SILVER
TAB,0,0,,,,0,0,0,-1960000000,,,,0,-61250,UPCOM,51.48,21.88,36.68,2026-10-08T14:04:58+07:00,VNSTOCK_SILVER
KSF,0,-4052010000,,,,0,-58400,0,0,,,,0,0,HNX,22.4,50.77,36.58,2026-10-08T14:04:58+07:00,VNSTOCK_SILVER
GCF,0,-4083640000,,,,0,-233100,0,0,,,,0,0,UPCOM,22.36,50.77,36.56,2026-10-08T14:04:58+07:00,VNSTOCK_SILVER
KOS,0,0,,,,0,0,0,-9091500000,,,,0,-435000,HOSE,51.48,21.16,36.32,2026-10-08T14:04:58+07:00,VNSTOCK_SILVER
GVR,-298660000,-3624390000,,,,-10800,-111000,-12575000,20188960000,,,,-100,615100,HOSE,4.38,60.54,32.46,2026-10-08T14:04:58+07:00,VNSTOCK_SILVER
SZC,1220000,-375015700,,,,0,-18674,0,-45944150,,,,0,-2484,HOSE,41.5,23.25,32.38,2026-10-08T14:04:58+07:00,VNSTOCK_SILVER
FCM,-280000,-280000,,,,-500,-500,0,0,,,,0,0,HOSE,13.68,50.77,32.22,2026-10-08T14:04:58+07:00,VNSTOCK_SILVER
BAF,1629700000,-14627195000,,,,41000,-528000,0,-235365000,,,,0,-7400,HOSE,40.74,22.96,31.85,2026-10-08T14:04:58+07:00,VNSTOCK_SILVER
ANV,852485000,-4863440000,,,,43100,-258000,0,-727720000,,,,0,-46200,HOSE,40.94,22.53,31.74,2026-10-08T14:04:58+07:00,VNSTOCK_SILVER
DXS,-474480000,1758634000,,,,-111600,355900,-31850,-689940,,,,-7,-140,HOSE,58.83,4.54,31.68,2026-10-08T14:04:58+07:00,VNSTOCK_SILVER
VLA,-1240000,-4930000,,,,-300,-900,0,0,,,,0,0,HNX,12.29,50.77,31.53,2026-10-08T14:04:58+07:00,VNSTOCK_SILVER
MSR,-489490900,6598119794284,,,,-32820,112461712,-7785700000,-7162740000,,,,-121000,-97600,UPCOM,61.63,1.27,31.45,2026-10-08T14:04:58+07:00,VNSTOCK_SILVER
BVH,16193699000,-84256222700,,,,211270,-1216890,0,-1714210000,,,,0,-25000,HOSE,40.66,22.01,31.34,2026-10-08T14:04:58+07:00,VNSTOCK_SILVER
DSC,-2925000,-6037000,,,,-400,-700,0,0,,,,0,0,HOSE,11.91,50.77,31.34,2026-10-08T14:04:58+07:00,VNSTOCK_SILVER
AAA,-43843000,202430120,,,,-28000,28750,-215820,-2782100,,,,-33,-410,HOSE,58.13,4.43,31.28,2026-10-08T14:04:58+07:00,VNSTOCK_SILVER
KBC,1037415000,-69240045300,,,,47100,-2739502,0,-441360000,,,,0,-17700,HOSE,39.81,22.74,31.28,2026-10-08T14:04:58+07:00,VNSTOCK_SILVER
CTR,381350000,-14145326500,,,,6180,-198684,0,-2039820000,,,,0,-28320,HOSE,40.24,21.84,31.04,2026-10-08T14:04:58+07:00,VNSTOCK_SILVER
PDV,-24975000,-9175000,,,,-1700,100,0,0,,,,0,0,HOSE,11.06,50.77,30.92,2026-10-08T14:04:58+07:00,VNSTOCK_SILVER
GMD,-7844570000,89144405900,,,,-142680,907300,-231440000,-24888890000,,,,-4400,-5000,HOSE,60.19,1.6,30.9,2026-10-08T14:04:58+07:00,VNSTOCK_SILVER
GEL,-4628825000,7055620000,,,,-166700,265800,-291490000,-1543380000,,,,-10300,-54100,HOSE,59.1,2.61,30.86,2026-10-08T14:04:58+07:00,VNSTOCK_SILVER
EIB,1211518300,-5526395800,,,,69891,-351789,0,-321185625000,,,,0,-18465800,HOSE,41.13,20.51,30.82,2026-10-08T14:04:58+07:00,VNSTOCK_SILVER
SDN,-12960000,-12976200,,,,-1000,-1001,0,0,,,,0,0,HNX,10.74,50.77,30.76,2026-10-08T14:04:58+07:00,VNSTOCK_SILVER
BID,-17439766200,-153129587500,,,,-510629,-4351339,-1743295000,80970555000,,,,-50550,2297001,HOSE,0.93,60.44,30.68,2026-10-08T14:04:58+07:00,VNSTOCK_SILVER
VTP,-413400000,8065447850,,,,-7050,149991,-2476960000,-30648670400,,,,-50000,-587158,HOSE,60.06,1.24,30.65,2026-10-08T14:04:58+07:00,VNSTOCK_SILVER
DLG,-19656000,-15039000,,,,-25800,-20700,0,0,,,,0,0,HOSE,10.51,50.77,30.64,2026-10-08T14:04:58+07:00,VNSTOCK_SILVER
CMX,-13462000,-15053000,,,,-3300,-3500,0,0,,,,0,0,HOSE,10.49,50.77,30.63,2026-10-08T14:04:58+07:00,VNSTOCK_SILVER
NSH,-7800000,-27190000,,,,-3000,-13900,0,0,,,,0,0,HNX,9.96,50.77,30.36,2026-10-08T14:04:58+07:00,VNSTOCK_SILVER
VPB,-13726995000,-641553238000,,,,-597200,-27972513,-138371930800,1321639261350,,,,-6195190,57602529,HOSE,0.67,60.01,30.34,2026-10-08T14:04:58+07:00,VNSTOCK_SILVER
TCX,-19269755000,-127869760850,,,,-716650,-4487099,-1647405000,5912690000,,,,-58500,221200,HOSE,1.03,59.6,30.32,2026-10-08T14:04:58+07:00,VNSTOCK_SILVER
HBC,-2170000,-43608400,,,,-1500,-13694,0,0,,,,0,0,UPCOM,9.79,50.77,30.28,2026-10-08T14:04:58+07:00,VNSTOCK_SILVER
HDB,-119621186350,-3233212401750,,,,-4352241,-118497725,-4615020000,1472753036550,,,,-162600,55848478,HOSE,0.07,60.49,30.28,2026-10-08T14:04:58+07:00,VNSTOCK_SILVER
MVB,-3750000,-43860000,,,,-400,-3600,0,0,,,,0,0,HNX,9.58,50.77,30.18,2026-10-08T14:04:58+07:00,VNSTOCK_SILVER
ACB,-10315325000,-327103757000,,,,-513300,-15583512,-672430000,733685000,,,,-37200,22200,HOSE,0.84,59.21,30.02,2026-10-08T14:04:58+07:00,VNSTOCK_SILVER
VND,-23343040000,1522226750,,,,-1736900,249715,-1088000000,-1058265000,,,,-80000,-77500,HOSE,57.26,2.71,29.98,2026-10-08T14:04:58+07:00,VNSTOCK_SILVER
TSA,-11390000,-62420000,,,,-1100,-5200,0,0,,,,0,0,HOSE,8.92,50.77,29.85,2026-10-08T14:04:58+07:00,VNSTOCK_SILVER
OGC,-9639000,-63934000,,,,-5500,-31600,0,0,,,,0,0,HOSE,8.87,50.77,29.82,2026-10-08T14:04:58+07:00,VNSTOCK_SILVER
PNJ,-110402007550,-2138862364050,,,,-6022944,-97464228,-19321095000,15130790000,,,,-963400,884300,HOSE,0.14,59.44,29.79,2026-10-08T14:04:58+07:00,VNSTOCK_SILVER
VTC,-2730000,-138437500,,,,-800,-15539,0,0,,,,0,0,HNX,8.29,50.77,29.53,2026-10-08T14:04:58+07:00,VNSTOCK_SILVER
GEG,-2360000,-194730000,,,,-1200,-17200,0,0,,,,0,0,HOSE,7.97,50.77,29.37,2026-10-08T14:04:58+07:00,VNSTOCK_SILVER
MTA,-34940000,-113180000,,,,-4800,-11800,0,0,,,,0,0,UPCOM,7.92,50.77,29.35,2026-10-08T14:04:58+07:00,VNSTOCK_SILVER
YEG,-4752000,-348890000,,,,-800,-41712,0,0,,,,0,0,HOSE,7.32,50.77,29.04,2026-10-08T14:04:58+07:00,VNSTOCK_SILVER
CSM,-3735000,-410920000,,,,-1300,-33100,0,0,,,,0,0,HOSE,7.29,50.77,29.03,2026-10-08T14:04:58+07:00,VNSTOCK_SILVER
THD,-52656300,-278895300,,,,-851,-3151,0,0,,,,0,0,HNX,7.07,50.77,28.92,2026-10-08T14:04:58+07:00,VNSTOCK_SILVER
TNI,-23672000,-363271000,,,,-5500,-74600,0,0,,,,0,0,HOSE,7.02,50.77,28.9,2026-10-08T14:04:58+07:00,VNSTOCK_SILVER
BVB,-1698975000,-120135500,,,,-162500,-18390,0,0,,,,0,0,HOSE,6.78,50.77,28.78,2026-10-08T14:04:58+07:00,VNSTOCK_SILVER
TTF,-50348000,-440017000,,,,-41200,-272200,0,0,,,,0,0,HOSE,6.62,50.77,28.7,2026-10-08T14:04:58+07:00,VNSTOCK_SILVER
BMI,-57800000,-526674650,,,,-4600,-38260,0,0,,,,0,0,HOSE,6.37,50.77,28.57,2026-10-08T14:04:58+07:00,VNSTOCK_SILVER
CTS,-121510000,-588455000,,,,3400,7620,0,0,,,,0,0,HOSE,6.11,50.77,28.44,2026-10-08T14:04:58+07:00,VNSTOCK_SILVER
DHG,-545950000,-435714100,,,,-4100,-2880,0,0,,,,0,0,HOSE,6.05,50.77,28.41,2026-10-08T14:04:58+07:00,VNSTOCK_SILVER
TBC,-136740000,-831125000,,,,-5300,-27100,0,0,,,,0,0,HOSE,5.91,50.77,28.34,2026-10-08T14:04:58+07:00,VNSTOCK_SILVER
BSI,-146310000,-926781250,,,,-11200,-47860,0,0,,,,0,0,HOSE,5.68,50.77,28.22,2026-10-08T14:04:58+07:00,VNSTOCK_SILVER
LHG,-400855000,-807405000,,,,-15300,-30700,0,0,,,,0,0,HOSE,5.61,50.77,28.19,2026-10-08T14:04:58+07:00,VNSTOCK_SILVER
ORS,-308555000,-1120640000,,,,-21800,-77200,0,0,,,,0,0,HOSE,5.35,50.77,28.06,2026-10-08T14:04:58+07:00,VNSTOCK_SILVER
TVS,-139575000,-2417325950,,,,-5900,-173249,0,0,,,,0,0,HOSE,4.94,50.77,27.86,2026-10-08T14:04:58+07:00,VNSTOCK_SILVER
BWE,-4010000,-4962900000,,,,-700,-124000,0,0,,,,0,0,HOSE,4.9,50.77,27.84,2026-10-08T14:04:58+07:00,VNSTOCK_SILVER
KLB,-317275000,-2149561050,,,,-28400,-152703,0,0,,,,0,0,HOSE,4.81,50.77,27.79,2026-10-08T14:04:58+07:00,VNSTOCK_SILVER
VVS,-1064790000,-2108420000,,,,-12900,-22800,0,0,,,,0,0,HOSE,4.48,50.77,27.62,2026-10-08T14:04:58+07:00,VNSTOCK_SILVER
BCC,0,0,,,,0,0,-133000000,-260100000,,,,-25000,-48100,HNX,51.48,3.6,27.54,2026-10-08T14:04:58+07:00,VNSTOCK_SILVER
NCT,-766570000,-3359690000,,,,-9200,-41100,0,0,,,,0,0,HOSE,4.08,50.77,27.42,2026-10-08T14:04:58+07:00,VNSTOCK_SILVER
HHV,-2307622000,-3166004500,,,,-239400,-385085,0,0,,,,0,0,HOSE,3.84,50.77,27.3,2026-10-08T14:04:58+07:00,VNSTOCK_SILVER
DDV,-2115080000,-4750810800,,,,-134800,-304802,0,0,,,,0,0,UPCOM,3.51,50.77,27.14,2026-10-08T14:04:58+07:00,VNSTOCK_SILVER
VGT,-4511500000,-4371880000,,,,-405900,-393400,0,0,,,,0,0,UPCOM,3.24,50.77,27.01,2026-10-08T14:04:58+07:00,VNSTOCK_SILVER
QTP,0,0,,,,0,0,-214000000,-2050000000,,,,-20000,-190000,UPCOM,51.48,2.43,26.96,2026-10-08T14:04:58+07:00,VNSTOCK_SILVER
PAN,-5948955000,-23001730000,,,,-309700,-1228500,0,0,,,,0,0,HOSE,2.16,50.77,26.47,2026-10-08T14:04:58+07:00,VNSTOCK_SILVER
APG,0,-3929000,,,,0,-500,0,-11150000,,,,0,-2500,HOSE,29.46,23.47,26.46,2026-10-08T14:04:58+07:00,VNSTOCK_SILVER
TVB,0,-23623000,,,,0,-3800,0,-1260000,,,,0,-200,HOSE,27.62,23.64,25.63,2026-10-08T14:04:58+07:00,VNSTOCK_SILVER
APS,0,-37410000,,,,-3100,-9500,0,-12600000,,,,0,-2100,HNX,26.94,23.38,25.16,2026-10-08T14:04:58+07:00,VNSTOCK_SILVER
DCL,0,-45400000,,,,0,-1000,0,-4246810000,,,,0,-92600,HOSE,26.68,21.54,24.11,2026-10-08T14:04:58+07:00,VNSTOCK_SILVER
RCC,0,-495460000,,,,0,-25200,0,-4480000,,,,0,-200,UPCOM,24.24,23.51,23.88,2026-10-08T14:04:58+07:00,VNSTOCK_SILVER
HUT,0,-2191721400,,,,-100,-178175,0,-60960000,,,,0,-4800,HNX,22.96,23.13,23.04,2026-10-08T14:04:58+07:00,VNSTOCK_SILVER
PHR,0,-3610940000,,,,0,-112000,0,-3430000,,,,0,100,HOSE,22.53,23.55,23.04,2026-10-08T14:04:58+07:00,VNSTOCK_SILVER
HSG,-738230000,-3705677840,,,,-75200,-380362,997444200,-832674180,,,,99994,-80085,HOSE,3.97,41.9,22.94,2026-10-08T14:04:58+07:00,VNSTOCK_SILVER
TAL,0,-2099586150,,,,0,-91870,0,-1721900000,,,,0,-70700,HOSE,23.08,21.97,22.52,2026-10-08T14:04:58+07:00,VNSTOCK_SILVER
DGC,-6886830000,-66800240000,,,,-215000,-1909300,664000000,-57500000,,,,20000,0,HOSE,1.76,42.51,22.14,2026-10-08T14:04:58+07:00,VNSTOCK_SILVER
TPB,-2719698750,-12543345550,,,,-266925,-1994548,802324000,-2952675800,,,,68099,-200204,HOSE,2.86,41.06,21.96,2026-10-08T14:04:58+07:00,VNSTOCK_SILVER
NLG,985115000,-27002373250,,,,41700,-1226406,-186220000,-397235000,,,,-8600,-17800,HOSE,40.19,3.44,21.82,2026-10-08T14:04:58+07:00,VNSTOCK_SILVER
VTO,0,-2245000,,,,0,-200,-301250000,-6422180000,,,,-25000,-546400,HOSE,29.89,1.77,15.83,2026-10-08T14:04:58+07:00,VNSTOCK_SILVER
VLB,0,-9800000,,,,-100,-300,-219100000,-2485130000,,,,-4500,-51500,UPCOM,28.48,2.31,15.4,2026-10-08T14:04:58+07:00,VNSTOCK_SILVER
PTB,-262030000,-3381532600,,,,-12400,-128012,0,-95876250,,,,0,-3355,HOSE,4.5,23.04,13.77,2026-10-08T14:04:58+07:00,VNSTOCK_SILVER
CMG,-1239830000,-4840827300,,,,-59200,-233141,0,-358610000,,,,0,-16400,HOSE,3.58,22.87,13.23,2026-10-08T14:04:58+07:00,VNSTOCK_SILVER
TCH,-3954760800,-14265967200,,,,-381426,-1408668,0,-519385000,,,,0,-47000,HOSE,2.66,22.66,12.66,2026-10-08T14:04:58+07:00,VNSTOCK_SILVER
VEA,-2054340000,-54878330000,,,,-57500,-1480720,0,-445870000,,,,0,-11900,UPCOM,2.34,22.7,12.52,2026-10-08T14:04:58+07:00,VNSTOCK_SILVER
VCK,-2480115000,-36693228900,,,,-89200,-1361719,0,-5592395000,,,,0,-196400,HOSE,2.31,21.37,11.84,2026-10-08T14:04:58+07:00,VNSTOCK_SILVER
NAB,-2851930000,-10512269500,,,,-239000,-843383,0,-117785735000,,,,0,-9087100,HOSE,2.88,20.69,11.78,2026-10-08T14:04:58+07:00,VNSTOCK_SILVER
CEO,-9950480000,-43847474500,,,,-989700,-4187305,0,-2664000000,,,,0,-250000,HNX,1.76,21.67,11.72,2026-10-08T14:04:58+07:00,VNSTOCK_SILVER
VIX,-42422170000,-67207327000,,,,-3663700,-5715915,0,-5272960000,,,,0,-460500,HOSE,1.2,21.41,11.3,2026-10-08T14:04:58+07:00,VNSTOCK_SILVER
GEE,-9275710000,-68006665300,,,,-174897,-1069487,0,-60516240000,,,,0,-912300,HOSE,1.61,20.86,11.24,2026-10-08T14:04:58+07:00,VNSTOCK_SILVER
OCB,-710993000,-6724550000,,,,-72400,-675000,-32067700,-1549096340,,,,-3209,-153104,HOSE,3.57,2.8,3.18,2026-10-08T14:04:58+07:00,VNSTOCK_SILVER
SSI,-5248527600,-16794553550,,,,-271777,-858421,-10871570000,-1825863100,,,,-553700,-171405,HOSE,2.27,1.9,2.08,2026-10-08T14:04:58+07:00,VNSTOCK_SILVER
VCB,-2739050000,-150164961600,,,,-53480,-2615346,-4275380000,-1217980000,,,,-74600,52800,HOSE,1.63,2.38,2.0,2026-10-08T14:04:58+07:00,VNSTOCK_SILVER
VHM,-58937947100,-606000597600,,,,-964201,-8835854,-11556140000,-15393640000,,,,-169500,-234400,HOSE,0.37,1.06,0.72,2026-10-08T14:04:58+07:00,VNSTOCK_SILVER
MSB,-15592890000,-260706701250,,,,-1118700,-17738789,-20585250000,-120977595000,,,,-1409200,-8585700,HOSE,0.77,0.41,0.59,2026-10-08T14:04:58+07:00,VNSTOCK_SILVER
CTG,-20341115000,-217390388750,,,,-702862,-7316658,-238838065000,-237093355000,,,,-7563900,-7503100,HOSE,0.74,0.16,0.45,2026-10-08T14:04:58+07:00,VNSTOCK_SILVER
TCB,-101509545000,-982837276800,,,,-3171200,-30420081,-36224845000,-491098400000,,,,-1112900,-14967200,HOSE,0.21,0.19,0.2,2026-10-08T14:04:58+07:00,VNSTOCK_SILVER
